brand,title,price,currency,available,sold,lastUpdated,itemLocation,Sales Revenue,Kelangkaan Barang
Dior,Christian Dior Sauvage Men's EDP 3.4 oz Fragrance Spray,84.99,US,10.0,116.0,2024-05-24 10:03:04,"Allen Park, Michigan, United States",9858.84,126.0
AS SHOW,A-v-entus Eau de Parfum 3.3 oz 100ML Millesime EDP Col-ogne for Men New In Box,109.99,US,8.0,48.0,2024-05-23 23:07:49,"Atlanta, Georgia, Canada",5279.5199999999995,56.0
Unbranded,HOGO BOSS cologne For Men 3.4 oz,100.0,US,10.0,27.0,2024-05-22 21:55:43,"Dearborn, Michigan, United States",2700.0,37.0
Giorgio Armani,Acqua Di Gio by Giorgio Armani 6.7 Fl oz Eau De Toilette Spray Men' New & Sealed,44.99,US,2.0,159.0,2024-05-24 03:30:43,"Reinholds, Pennsylvania, United States",7153.410000000001,161.0
Lattafa,Lattafa Men's Hayaati Al Maleky EDP Spray 3.4 oz Fragrances 6291108734056,16.91,US,0.0,156.0,2024-05-24 07:56:25,"Brooklyn, New York, United States",2637.96,156.0
Multiple Brands,Men's Perfume Sampler 10pcs Sample Vials Designer Fragrance Samples for Men,14.99,US,10.0,79.0,2024-05-23 06:57:41,"Houston, Texas, United States",1184.21,89.0
Maison Alhambra,Glacier Bold by Maison Alhambra 3.4oz EDP for Men NEW SEALED CAN,30.99,US,9.0,39.0,2024-05-16 13:42:49,"Englewood Cliffs, New Jersey, United States",1208.61,48.0
Unbranded,Parfums De-Marly-Haltane Eau de Parfum spray 4.2 oz for Men New in Box,85.0,US,0.0,6.0,2024-05-24 00:10:39,"Ithaca, New York, United States",510.0,6.0
Unbranded,Hawas for him Eau De Parfum By Rasasi 100ml 3.4 FL OZ NEW,15.89,US,10.0,17.0,2024-05-24 09:08:14,"shanghai, China",270.13,27.0
Gucci,"Gucci Guilty for Him - Classic 3oz Eau de Toilette Spray, Brand New",49.99,US,8.0,68.0,2024-05-23 07:21:23,"Dearborn Heights, Michigan, United States",3399.32,76.0
Ralph Lauren,Polo Blue by Ralph Lauren 4.2 oz EDT Cologne for Men Brand New In Box,34.99,US,10.0,615.0,2024-05-24 07:53:23,"Ecorse, Michigan, United States",21518.850000000002,625.0
Dolce&Gabbana,Dolce & Gabbana Light Blue Men 4.2 oz / 125 mL EDT Spray Brand New & Sealed,29.95,US,7.0,458.0,2024-05-23 08:37:49,"Warren, Michigan, United States",13717.1,465.0
SECERTMU,New 2024 Sexy Cologne Cupid Hypnosis Long Lasting Pheromone Perfume for Men,15.99,US,10.0,889.0,2024-05-21 19:20:12,"San Francisco, California, United States",14215.11,899.0
As Show,Sauvage Eau de Parfum Spray For Men 3.4 Oz/100ml New In Seald Box,59.99,US,9.0,63.0,2024-05-23 03:08:18,"Dayton,New Jersey, Hong Kong",3779.3700000000003,72.0
Versace,Eau Fraiche By Versace 3.4 oz 100 ml Eau de Toilette Brand New Sealed In Box,34.99,US,7.0,136.0,2024-05-24 00:02:27,"Warren, Michigan, United States",4758.64,143.0
Paco Rabanne,1 Million by Paco Rabanne 3.4 Fl oz / 100 ml PARFUM Spray Men's New & Sealed,68.99,US,2.0,20.0,2024-05-24 02:41:49,"San Jose, California, United States",1379.8,22.0
Grandeur,Tribal Intense by Grandeur - Eau de Parfum for Men -100ml (3.4oz),37.99,US,10.0,44.0,2024-05-24 08:14:43,"Miami, Florida, United States",1671.5600000000002,54.0
Armaf,Club de Nuit Intense by Armaf 3.6 oz EDT Cologne for Men New In Box & Sealed,29.99,US,5.0,384.0,2024-05-24 05:13:20,"Hamtramck, Michigan, United States",11516.16,389.0
Carolina Herrera,Carolina Herrera 212 NYC Men's Cologne EDT 3.4oz 100ml New Sealed,39.99,US,10.0,236.0,2024-05-23 08:48:22,"Flat Lick, Kentucky, United States",9437.640000000001,246.0
Dior,Dior Sauvage Eau de Toilette 3.4 Oz 100ml Brand New Sealed Free shipping,83.95,US,4.0,22.0,2024-05-22 14:31:55,"Elmhurst, New York, United States",1846.9,26.0
Dolce & Gabbana,Light Blue by Dolce & Gabbana 4.2 oz Cologne for Men Tester with Cap,29.94,US,0.0,9208.0,2024-05-23 20:04:11,"Hackensack, New Jersey, United States",275687.52,9208.0
Clinique,CLINIQUE HAPPY Pour Homme Cologne edt for Men 3.4 oz 3.3 NEW in Box,21.99,US,4.0,86.0,2024-05-21 14:28:23,"Miami, Florida, United States",1891.1399999999999,90.0
Dumont,Dumont Men's Nitro Red EDP Spray 3.4 oz Fragrances 3760060761880,49.99,US,3.0,187.0,2024-05-24 09:02:39,"Brooklyn, New York, United States",9348.130000000001,190.0
Afnan,Turathi Blue by Afnan for men EDP 3oz New in Sealed Box,33.7,US,10.0,131.0,2024-05-21 14:00:54,"Dallas, Texas, United States",4414.700000000001,141.0
Versace,Versace Eros by Gianni Versace 3.4oz EDT Cologne for Men 100ml New in Box,35.99,US,2.0,43.0,2024-05-24 00:13:55,"Pomona, California, United States",1547.5700000000002,45.0
Azzaro,Azzaro The Most Wanted 3.3 oz./100 ml. PARFUM Spray for Men. New in Sealed Box,89.97,US,10.0,920.0,2024-05-24 08:32:16,"Katy, Texas, United States",82772.4,930.0
Unbranded,USA Parfums de Marly Layton Royal Essence 4.2 oz. Men's Eau de Parfum,92.99,US,5.0,19.0,2024-05-24 00:01:17,"College Point, New York, United States",1766.81,24.0
Azzaro,Azzaro The Most Wanted 3.38 oz./100 ml. PARFUM for Men fast shipping,87.99,US,2.0,4.0,,"NEW YORK, United States",351.96,6.0
Giorgio Armani,Acqua Di Gio Profumo by Giorgio Armani 4.2oz Cologne For Men New in Box,119.99,US,10.0,34.0,2024-05-24 07:16:53,"New York,USA, Hong Kong",4079.66,44.0
Penhaligon's,Penhaligon's The Tragedy of Lord George 2.5oz EDP Spray Men's Perfume,99.99,US,0.0,30.0,2024-05-20 04:16:27,"Brenham, Texas, United States",2999.7,30.0
Bharara,Bharara Double Bleu Pour Homme By Bharara 3.4/3.3 oz Edp Spray For Men NEW,51.91,US,4.0,47.0,2024-05-19 13:15:33,"Richmond Hill, New York, United States",2439.77,51.0
Paco Rabanne,1 Million Paco Rabanne Men 3.4 oz EDT Spray,49.99,US,8.0,170.0,2024-05-23 07:03:35,"Dexter, Michigan, United States",8498.300000000001,178.0
Armaf,ARMAF CLUB DE NUIT INTENSE 3.6 oz FOR MEN EDT SOLE OFFICIAL DISTRIBUTOR OF ARMAF,32.85,US,10.0,8385.0,2024-05-17 15:41:45,"Houston, Texas, United States",275447.25,8395.0
Valentino,Valentino Uomo Born In Roma 3.4 oz. Eau de Toilette Spray for Men New in Box,89.97,US,10.0,295.0,2024-05-24 08:44:55,"Katy, Texas, United States",26541.15,305.0
Guy Laroche,DRAKKAR NOIR by Guy Laroche 3.4 oz / 3.3 oz edt spray for Men New UNBOXED,16.98,US,620.0,2345.0,2024-05-23 18:45:23,"Dallas, Texas, United States",39818.1,2965.0
Montblanc,MONT BLANC LEGEND 3.3 / 3.4 oz EDT Cologne for Men New In Box,32.89,US,383.0,5032.0,2024-05-21 07:59:07,"Dallas, Texas, United States",165502.48,5415.0
Rasasi,Rasasi Men's Hawas EDP Spray 3.4 oz Fragrances 614514331026,45.11,US,0.0,258.0,2024-05-24 09:50:28,"Brooklyn, New York, United States",11638.38,258.0
Maison Alhambra,Maison Alhambra Men's Victorioso Victory EDP Spray 3.4 oz Fragrances,19.73,US,0.0,55.0,2024-05-24 07:02:34,"Brooklyn, New York, United States",1085.15,55.0
Armaf,Club de Nuit Untold by Armaf 3.6 oz EDP Brand New In Box Sealed FREE SHIPPING,39.99,US,8.0,276.0,2024-05-24 06:26:11,"Phoenix, Arizona, United States",11037.24,284.0
Calvin Klein,Eternity for Men by Calvin Klein cologne EDT 6.7 / 6.8 oz New In Box,40.6,US,0.0,5582.0,2024-05-24 09:35:06,"Dallas, Texas, United States",226629.2,5582.0
UOMO,Valentino Uomo EDT Perfume For Men 3.4oz / 100ml Spray *NEW IN BOX*,54.99,US,0.0,8.0,2024-05-22 19:02:53,"Peekskill, New York, United States",439.92,8.0
Paco Rabanne,Phantom by Paco Rabanne 3.4 oz EDT Cologne for Men Brand New In Box,40.99,US,10.0,37.0,2024-05-22 00:25:54,"College Point, New York, United States",1516.63,47.0
Armaf,Club de Nuit Sillage by Armaf 3.6 oz EDP Cologne for Men New In Box,34.84,US,0.0,4460.0,2024-05-24 07:32:37,"Hackensack, New Jersey, United States",155386.40000000002,4460.0
Givenchy,PI by Givenchy cologne for men EDT 3.3 / 3.4 oz New Tester,34.72,US,71.0,627.0,2024-05-24 10:20:09,"Dallas, Texas, United States",21769.44,698.0
Azzaro,Chrome by Azzaro 6.7 / 6.8 oz EDT Cologne for Men New In Box,46.33,US,0.0,30655.0,2024-05-24 07:58:01,"Hackensack, New Jersey, United States",1420246.15,30655.0
Armaf,TAG UOMO ROSSO BY ARMAF EDP 3.4 OZ / 100 ML FOR MEN (NIB)SEALED,39.0,US,3.0,24.0,2024-05-22 10:17:56,"Brooklyn, New York, United States",936.0,27.0
Lattafa,Qaed Al Fursan by Lattafa perfume for unisex EDP 3.04 oz New in Box,21.54,US,96.0,989.0,2024-05-24 06:21:20,"Dallas, Texas, United States",21303.059999999998,1085.0
Polo Ralph Lauren,POLO SPORT Ralph Lauren 4.2 oz Cologne for Men EDT New in Box,32.97,US,756.0,5023.0,2024-05-24 07:57:49,"Dallas, Texas, United States",165608.31,5779.0
Ralph Lauren,POLO SPORT FRESH by Ralph Lauren cologne for men EDT 4.2 oz New in Box,23.34,US,452.0,972.0,2024-05-24 08:09:10,"Dallas, Texas, United States",22686.48,1424.0
C.K,Eternity by Calvin Klein 3.4 oz EDT Cologne for Men Brand New Tester,28.75,US,0.0,12739.0,2024-05-24 08:44:02,"Hackensack, New Jersey, United States",366246.25,12739.0
John Varvatos,ARTISAN by John Varvatos 4.2 oz edt Men's Cologne New tester,27.94,US,161.0,485.0,2024-05-23 12:42:34,"Dallas, Texas, United States",13550.900000000001,646.0
Afnan,AFNAN 9AM DIVE EAU DE PARFUM SPRAY UNISEX 3.4 Oz / 100 Ml,32.5,US,5.0,372.0,2024-05-23 17:14:52,"Edison, New Jersey, United States",12090.0,377.0
Nautica,NAUTICA BLUE by Nautica 3.4 oz / 100 ml Eau De Toilette Spray NEW & SEALED,14.99,US,3.0,291.0,2024-05-23 10:21:16,"Armada, Michigan, United States",4362.09,294.0
Giorgio Armani,Giorgio Armani Acqua Di Gio 6.7oz / 200ml Men's Eau de Toilette Spray Brand New,45.95,US,5.0,578.0,2024-05-23 19:16:37,"Kalamazoo, Michigan, United States",26559.100000000002,583.0
Giorgio Armani,Armani Code Profumo by Giorgio Armani 3.7 fl oz Spray Parfum Men's New & Sealed,68.99,US,2.0,99.0,2024-05-24 02:15:09,"Charlotte, North Carolina, United States",6830.009999999999,101.0
As Picture Show,Sauvage Eau De Parfum 3.4 oz / 100 ml EDP Spray For Men New In Seald Box,69.99,US,56.0,44.0,2024-04-23 20:25:43,"Dayton, New Jersey, United States",3079.56,100.0
SECERTMU,New 2024 Sexy Cologne Cupid Hypnosis Long Lasting Pheromone Perfume for Men US,13.99,US,10.0,290.0,2024-05-21 19:21:49,"San Francisco, California, United States",4057.1,300.0
Versace,Versace Pour Homme Signature by Versace 3.4 oz EDT Cologne for Men New Tester,36.88,US,0.0,19899.0,2024-05-24 09:36:54,"Hackensack, New Jersey, United States",733875.12,19899.0
Kenneth Cole,KENNETH COLE BLACK Cologne for Men 3.4 oz EDT Spray New in Box,24.7,US,0.0,12865.0,2024-05-23 00:24:59,"Dallas, Texas, United States",317765.5,12865.0
Tommy Hilfiger,TOMMY BOY EST 1985 by Tommy Hilfiger Cologne edt men 3.4 / 3.3 oz NEW in BOX,26.11,US,4.0,12184.0,2024-05-23 13:00:07,"Dallas, Texas, United States",318124.24,12188.0
Unbranded,SEALED NEW CUPID 2.0 HYPNOSIS MEN’S PHEROMONE COLOGNE 1.7 OZ MEET MORE HOT WOMEN,14.99,US,10.0,172.0,2024-05-24 10:16:08,"Perth Amboy, New Jersey, United States",2578.28,182.0
2nd To None,6 For $19.95 MEN(M) WOMEN(W) & UNISEX(U) Body Oil Fragrances 10 ml Roll On Pure,6.65,US,9.0,18882.0,2024-05-21 19:14:49,"LaGrange, Georgia, United States",125565.3,18891.0
Dior,Sauvage Dior Eau De Parfum MINATURE 10ml / 0.34 oz ...,25.99,US,6.0,1332.0,2024-05-24 04:03:31,"Cranston, Rhode Island, United States",34618.68,1338.0
Yves Saint Laurent,Y By Yves Saint Laurent LE PARFUM 3.3 Fl oz Spray Men's New & Sealed,60.99,US,2.0,35.0,2024-05-24 07:11:06,"Las Vegas, Nevada, United States",2134.65,37.0
Yves Saint Laurent,Yves Saint Laurent Y Men's Eau De Parfum 3.4 oz/100 ml,47.88,US,10.0,25.0,2024-05-23 20:46:56,"Sacramento, California, United States",1197.0,35.0
Calvin Klein,ETERNITY for Men by CALVIN KLEIN 3.3 / 3.4 oz EDT New In box,31.08,US,842.0,1362.0,2024-05-21 23:15:46,"Dallas, Texas, United States",42330.96,2204.0
Armaf,Armaf Men's Ventana Marine EDP Spray 3.4 oz Fragrances 6294015175417,24.43,US,0.0,110.0,2024-05-23 16:44:49,"Brooklyn, New York, United States",2687.3,110.0
Versace,Versace Eros by Gianni Versace 3.4 oz 100ml EDT Cologne for Men New In Box,35.99,US,5.0,221.0,2024-05-24 00:47:14,"Dayton, New Jersey, Canada",7953.790000000001,226.0
Rasasi,RASASI DAREEJ 3.4 oz-100 ml Men EDP Spray New & Sealed New sale,25.99,US,10.0,3.0,2024-05-19 15:48:43,"Windsor Mill, Maryland, United States",77.97,13.0
Ralph Lauren,POLO by Ralph Lauren 4.0 oz Cologne EDT Men GREEN New in Box,38.57,US,484.0,1503.0,2024-05-22 17:31:34,"Dallas, Texas, United States",57970.71,1987.0
Azzaro,CHROME LEGEND by Azzaro cologne for men EDT 4.2 oz New in Box,24.45,US,0.0,1691.0,2024-05-22 22:47:05,"Dallas, Texas, United States",41344.95,1691.0
Azzaro,CHROME LEGEND by Azzaro cologne for Men EDT 2.6 oz 2.5 New in Box,16.26,US,12.0,644.0,2024-05-20 07:59:19,"Dallas, Texas, United States",10471.44,656.0
Ralph Lauren,New & Sealed! Polo Black by Ralph Lauren 2.5 oz Cologne for Men 7D,22.5,US,10.0,2.0,,"Mesa, Arizona, United States",45.0,12.0
Lattafa,Lattafa Men's Ramz Gold EDP Spray 3.38 oz Fragrances 6291106066715,15.03,US,3.0,44.0,2024-05-24 05:02:25,"Brooklyn, New York, United States",661.3199999999999,47.0
Versace,Versace Man Eau Fraiche by Gianni Versace EDT 0.17oz New in Box,8.32,US,322.0,417.0,2024-05-23 08:22:19,"Dallas, Texas, United States",3469.44,739.0
Giorgio Armani,Armani Code By Giorgio Armani EDT for Men 4.2 oz / 125 ml Brand New Sealed,37.8,US,8.0,300.0,2024-05-23 09:23:09,"West Orange, New Jersey, United States",11340.0,308.0
Calvin Klein,OBSESSION by Calvin Klein 4.0 oz 4 MEN edt Cologne New in Box,23.56,US,0.0,24048.0,2024-05-23 08:46:31,"Dallas, Texas, United States",566570.88,24048.0
Guy Laroche,DRAKKAR NOIR by Guy Laroche cologne for men EDT 6.7 / 6.8 oz New in Box,27.59,US,323.0,4972.0,2024-05-17 15:16:24,"Dallas, Texas, United States",137177.48,5295.0
Ralph Lauren,Ralph Lauren Polo Est. 67 Eau De Toilette .34 oz. Travel  Spray New!,26.5,US,3.0,3.0,2024-05-22 18:18:03,"Henrico, Virginia, United States",79.5,6.0
Dolce&Gabbana,Light Blue Eau Intense / Dolce & Gabbana EDP Spray 1.6 oz (50 ml) (m),35.71,US,3.0,36.0,2024-05-24 06:58:53,"Brooklyn, New York, United States",1285.56,39.0
Unbranded,SEALED NEW CUPID HYPNOSIS MEN’S PHEROMONE COLOGNE 1.7 OZ | MEET MORE HOT WOMEN🔥,15.99,US,10.0,594.0,2024-05-24 09:12:14,"Houston, Texas, United States",9498.06,604.0
Calvin Klein,Ck One by Calvin Klein Cologne Perfume Unisex 3.4 oz New In Box,23.89,US,0.0,54052.0,2024-05-24 03:59:39,"Hackensack, New Jersey, United States",1291302.28,54052.0
Cologne,Savage for Men- 3.4 Oz Men's Eau De Parfum. Men's Casual Cologne 100ml,10.99,US,10.0,179.0,2024-05-18 14:39:08,"Katy, Texas, United States",1967.21,189.0
Giorgio Armani,Armani Code Profumo by Giorgio Armani 3.7 fl oz Parfum Spray Men's New & Sealed.,70.99,US,2.0,52.0,2024-05-23 16:50:30,"Pfafftown, North Carolina, United States",3691.4799999999996,54.0
Unbranded,1/2PCS 50ml Men's Pheromone-Cupid Infused Perfume- Hypnosis Cologne Fragrances,16.99,US,10.0,404.0,2024-04-29 18:02:01,"CA, United States",6863.959999999999,414.0
AS SHOWN,Silver Mountain Water Eau De Parfum 3.3 / 3.4 OZ 100 ML Spray For men New In Box,126.99,US,0.0,32.0,2024-05-21 22:40:20,"USA,California, Hong Kong",4063.68,32.0
Roja,Elysium Roja by Roja Parfums 3.4 oz Parfum Cologne Spray for Men New In Box,159.99,US,10.0,30.0,2024-05-21 18:00:42,"New York, New York, Taiwan",4799.700000000001,40.0
MetaHerbal Labs,Arouse-Rx #1 Best Uncented Sex Pheromones For Men That Work 2 Attract Women,39.95,US,10.0,353.0,2024-05-06 19:01:20,"Orange, Connecticut, United States",14102.35,363.0
Mirage Brands,Azure Noir Intense Men's 3.4 Oz EDT Spray Long Lasting Perfume,13.66,US,10.0,552.0,2024-05-24 00:14:35,"Hephzibah, Georgia, United States",7540.32,562.0
Carolina Herrera,Bad Boy by Carolina Herrera 5.1 oz. Eau de Toilette Spray for Men. New. NO Box,54.99,US,10.0,780.0,2024-05-22 18:50:59,"Katy, Texas, United States",42892.200000000004,790.0
Unbranded,SEALED NEW CUPID 2.0 HYPNOSIS MEN’S PHEROMONE COLOGNE 1.7 OZ MEET MORE HOT WOMEN,14.99,US,10.0,358.0,2024-05-24 09:56:14,"Houston, Texas, United States",5366.42,368.0
Abercrombie & Fitch,Abercrombie & Fitch Fierce 1.7 oz EAU DE COLOGNE MEN BRAND NEW SEALED IN BOX,29.99,US,9.0,87.0,2024-05-23 09:26:33,"Phoenix, Arizona, United States",2609.1299999999997,96.0
Valentino,Valentino Uomo Born In Roma Coral Fantasy 3.4fl.oz 100 ml EDT Cologne New In Box,89.99,US,6.0,23.0,2024-05-16 19:15:06,"El Cajon, California, Hong Kong",2069.77,29.0
As Show,A-ventus Eau De Parfum For Men Millesime EDP Cologne New In Box 3.3 Oz /100ML,109.99,US,3.0,24.0,2024-05-23 18:03:02,"California,United States, Hong Kong, Hong Kong",2639.7599999999998,27.0
Yves Saint Laurent,Y by Yves Saint Laurent YSL 3.3 / 3.4 oz EDP Cologne for Men New In Box,92.56,US,0.0,2293.0,2024-05-24 06:15:40,"Hackensack, New Jersey, United States",212240.08000000002,2293.0
Unbranded,Hawas for him Eau De Parfum By Rasasi 100ml 3.4 FL OZ NEW,15.89,US,6.0,8.0,2024-05-22 22:34:16,"shanghai, China",127.12,14.0
Giorgio Armani,Giorgio Armani Acqua Di Gio 6.7oz / 200ml Men's Eau de Toilette Spray Brand New,59.99,US,10.0,14.0,2024-05-21 07:50:36,"Hamtramck, Michigan, United States",839.86,24.0
Cologne,BLEU PARFUM de Blue for Men 3.4oz / 100ml EAU DE Cologne Spray IN BOX,85.0,US,4.0,42.0,2024-05-23 22:52:13,"Fresh Meadows, New York, United States",3570.0,46.0
Unbranded,PERFUME Cologne for MEN Long Lasting Fragrance 100ML 3.4 Oz Gift Fast PARFUM,13.86,US,10.0,1146.0,2024-05-24 08:52:14,"Cumming, Georgia, United States",15883.56,1156.0
Moschino,"MOSCHINO Toy Boy Eau De Parfum for Men, 3.4 US fl. oz. / 100 ml",29.99,US,5.0,17.0,2024-05-24 00:58:38,"Hamtramck, Michigan, United States",509.83,22.0
Nautica,Nautica Voyage Men's EDT 3.4 oz Cologne Spray New in Box,17.99,US,3.0,324.0,2024-05-20 10:32:37,"Detroit, Michigan, United States",5828.759999999999,327.0
Valentino,Valentino Uomo Born In Roma Coral Fantasy 3.4 oz EDT Cologne New In Box,79.99,US,10.0,316.0,2024-05-16 17:01:39,"Walnut, California, Hong Kong",25276.84,326.0
AS SHOW,Sauvage Eau De Parfum  3.4 oz / 100 ml EDP Spray For Men New In Seald Box,69.99,US,10.0,157.0,2024-05-23 22:52:49,"Dayton, New Jersey, Hong Kong",10988.429999999998,167.0
Dior,Dior Sauvage EDP Men's Fragrance 3.4 Oz New Sealed in Box,84.99,US,5.0,73.0,2024-05-22 09:32:15,"Detroit, Michigan, United States",6204.2699999999995,78.0
As Shown,YSL Yves Saint Laurent Y Eau de Perfume Spray Cologne For Men 3.3 oz 100ML,49.99,US,5.0,45.0,2024-05-24 00:15:22,"Ottawa,California, Canada",2249.55,50.0
Abercrombie & Fitch,Abercrombie & Fitch Fierce 3.4 oz /100ml Eau De Cologne For Men Brand New Sealed,33.95,US,8.0,464.0,2024-05-24 06:26:36,"Phoenix, Arizona, United States",15752.800000000001,472.0
Polo Ralph Lauren,Polo 67 Ralph Lauren Eau De Toilette .5 oz. New In Box!,24.5,US,2.0,4.0,2024-05-22 18:17:42,"Henrico, Virginia, United States",98.0,6.0
Paco Rabanne,1 Million Paco Rabanne Men 3.4 oz EDT Spray *FAST SHIPPING*,49.96,US,6.0,19.0,2024-05-23 05:43:30,"Warren, Michigan, United States",949.24,25.0
Ralph Lauren,Polo Double Black 4.2 oz by Ralph Lauren Mens Eau De Toilette Spray New & Sealed,34.99,US,7.0,225.0,2024-05-24 05:43:51,"Highland Park, Michigan, United States",7872.75,232.0
Azzaro,CHROME by Loris Azzaro  3.3 / 3.4 oz EDT Cologne For Men New Spray tester,26.97,US,33.0,424.0,2024-05-21 13:31:47,"Dallas, Texas, United States",11435.279999999999,457.0
~ DOLCE & GABBANA ~,DOLCE & GABBANA ~ THE ONE EAU DE PARFUM SPRAY For Men 3.3 OZ 100 Ml White Box,54.99,US,2.0,22.0,2024-05-23 21:13:14,"Melissa, Texas, United States",1209.78,24.0
Versace,Versace Man Fraiche EDT Spray 3.4 oz / 100 ml New In Box Free Shipping,30.0,US,2.0,270.0,2024-05-24 01:40:45,"Carlsbad, California, United States",8100.0,272.0
As picture show,New In Box Eau De Parfum Aventus 3.3 /OZ 100 ML Spray For men,189.99,US,2.0,32.0,2024-05-24 04:22:27,"Livingston Manor, New York, United States",6079.68,34.0
Superz Budapest,MOROCCO BY SUPERZ BUDAPEST 50ML/ 1.69 OZ EXTRAIT DE PARFUM USA SELLER,125.0,US,10.0,28.0,2024-05-23 19:49:00,"Hollywood, Florida, United States",3500.0,38.0
Ralph Lauren,Polo Red by Ralph Lauren EDT for Men 4.2 oz - 125 ml NEW IN BOX SEALED,29.99,US,8.0,169.0,2024-05-24 06:07:43,"Laughlin, Nevada, United States",5068.3099999999995,177.0
Paco Rabanne,XS by Paco Rabanne cologne for men EDT 3.3 / 3.4 oz New Tester,28.91,US,48.0,849.0,2024-05-24 07:33:32,"Dallas, Texas, United States",24544.59,897.0
Unbranded,SEALED NEW CUPID 2.0 HYPNOSIS MEN’S PHEROMONE COLOGNE 1.7 OZ MEET MORE HOT WOMEN,15.99,US,10.0,14.0,2024-05-24 01:46:35,"Houston, Texas, United States",223.86,24.0
Gianni Versace,VERSACE L' HOMME edt 3.3 / 3.4 oz Cologne for Men New in Box,25.43,US,116.0,1925.0,2024-05-24 08:02:07,"Dallas, Texas, United States",48952.75,2041.0
Dolce & Gabbana,D&G DOLCE & GABBANA LIGHT BLUE EAU INTENSE MEN 1.5ml .05oz x 5 COLOGNE SAMPLES,11.0,US,10.0,702.0,2024-04-05 00:52:00,"Albany, New York, United States",7722.0,712.0
Christian Dior,SAUVAGE by Christian Dior For Men PARFUM 6.8 oz / 200 ml *NEW IN SEALED BOX*,161.99,US,10.0,129.0,2024-05-13 10:40:48,"Miami, Florida, United States",20896.710000000003,139.0
Dolce&Gabbana,Dolce & Gabbana 4.2oz Intenso EDP Sealed Men's Cologne,40.99,US,10.0,16.0,2024-05-24 10:25:34,"Detroit, Michigan, United States",655.84,26.0
HERMÈS,Terre D'Hermes by Hermes cologne for men EDT 3.3 / 3.4 oz New in Box,58.99,US,0.0,3.0,2024-05-24 00:09:17,"New York, New York, United States",176.97,3.0
AS SHOWN,Mans Sauvage Eau de Toilette 3.4 Oz 100ml Parfum Spray Brand New Sealed In box,48.99,US,10.0,101.0,2024-05-20 17:37:45,"Hong Kong, Hong Kong",4947.99,111.0
Diesel,DIESEL ONLY THE BRAVE STREET by DIESEL cologne EDT 2.5 oz New,17.0,US,6.0,147.0,2024-05-18 20:56:17,"Dallas, Texas, United States",2499.0,153.0
Dolce&Gabbana,Dolce & Gabbana Light Blue Eau Intense 6.7 oz. EDP Spray for Men. New in Box,65.97,US,10.0,37.0,2024-05-24 08:08:36,"Katy, Texas, United States",2440.89,47.0
Lacoste,Lacoste Eau De Toilette L.12.12 Blanc Cologne 3.3 oz/ 100ml for Men,36.68,US,10.0,9.0,2024-05-22 18:48:58,"Austin, Texas, United States",330.12,19.0
Paco Rabanne,Paco Rabanne 1 Million Men's Fragrance EDT Cologne 3.4 oz 100 ml New in Box,49.99,US,10.0,165.0,2024-05-24 09:52:03,"Flat Lick, Kentucky, United States",8248.35,175.0
Dossier,Dossier Citrus Ginger Eau de Parfum. Size: 50ml / 1.7oz,20.0,US,8.0,23.0,,"Los Angeles, California, United States",460.0,31.0
Burberry,Burberry Men's Hero EDP Spray 3.4 oz Fragrances 3614228838016,77.07,US,3.0,55.0,2024-05-23 22:10:28,"Brooklyn, New York, United States",4238.849999999999,58.0
Giorgio Armani,Acqua Di Gio by Giorgio Armani EDT Men 6.7 oz / 200 ml *NEW IN SEALED BOX*,64.99,US,10.0,235.0,2024-05-08 11:11:06,"Miami, Florida, United States",15272.65,245.0
Yves Saint Laurent,Y By Yves Saint Laurent LE PARFUM Spray 3.3 oz / 100 ml New & Sealed.,59.99,US,3.0,20.0,2024-05-23 05:48:20,"Lubbock, Texas, United States",1199.8,23.0
Abercrombie & Fitch,Abercrombie & Fitch Fierce Cologne 6.7 oz for men New Sealed Ships Free,39.99,US,3.0,275.0,2024-05-24 01:40:01,"Carlsbad, California, United States",10997.25,278.0
Dolce&Gabbana,USA K by Dolce & Gabbana cologne for men EDT 3.3 / 3.4 oz in Box New,36.99,US,2.0,98.0,2024-05-23 00:18:08,"College Point, New York, United States",3625.02,100.0
Michael Malul,Citizen Jack Absolute by Micheal Malul for Men 3.4 FL OZ. Eau De Parfum,79.99,US,6.0,18.0,2024-05-15 13:47:53,"Jonesboro, Georgia, United States",1439.82,24.0
Zara,ZARA Sunrise On The Red Sand Dunes (Mylene Alran) 1.01oz (30ml) EDP Spray SEALED,37.5,US,0.0,30.0,2024-05-22 04:50:50,"Englewood, New Jersey, United States",1125.0,30.0
Aramis,Aramis by Aramis EDT Cologne spray for Men 3.7 oz Brand New In Box,21.01,US,272.0,2486.0,2024-05-21 19:16:09,"Dallas, Texas, United States",52230.86,2758.0
SECERTMU,New 2024 Sexy Cologne Cupid Hypnosis Long Lasting Pheromone Perfume for Men,6.97,US,10.0,803.0,2024-05-21 19:20:13,"San Francisco, California, United States",5596.91,813.0
Yves Saint Laurent,Yves Saint Laurent Y Men's Eau De Parfum Intense 3.4 oz/ 100 ml,65.68,US,10.0,11.0,2024-05-22 18:49:43,"Sacramento, California, United States",722.48,21.0
AS SHOW,Bleu De Eau de parfum EDP 100ml 3.4 oz Cologne For Men New With Box,89.99,US,5.0,5.0,2024-05-14 20:43:05,"New York,United States, Hong Kong",449.95,10.0
Jean Paul Gaultier,"Jean Paul Gaultier Le Male - Timeless 4.2oz Men's Eau de Toilette, Sealed",51.99,US,10.0,73.0,2024-05-22 08:29:08,"Dearborn Heights, Michigan, United States",3795.27,83.0
HERMÈS,HERMES TERRE D'HERMES EAU GIVREE EAU DE PARFUM SPRAY 0.42 Oz / 12.5 ml TRAVEL!!!,28.99,US,0.0,23.0,2024-05-20 18:36:38,"Philadelphia, Pennsylvania, United States",666.77,23.0
Yves Saint Laurent,Y By Yves Saint Laurent LE PARFUM 3.3 fl oz / 100 ml Spray New & Sealed In Box,60.99,US,2.0,27.0,2024-05-24 02:57:18,"Santa Cruz, California, United States",1646.73,29.0
Davidoff,Cool Water Intense by Davidoff 4.2 oz EDP Cologne for Men New In Box,34.98,US,0.0,849.0,2024-05-23 18:21:52,"Hackensack, New Jersey, United States",29698.019999999997,849.0
Davidoff,Cool Water by Davidoff 4.2 oz Eau De Toilette Cologne Spray Men's New In Box,25.49,US,4.0,64.0,2024-05-24 03:48:03,"Baltimore, Maryland, United States",1631.36,68.0
Polo Ralph Lauren,POLO RED BY RALPH LAUREN 6.7 FL OZ / 200 ML EAU DE TOILETTE SPRAY NEW & SEALED,41.99,US,2.0,38.0,2024-05-19 15:04:04,"Reinholds, Pennsylvania, United States",1595.6200000000001,40.0
As Picture Shown,For BITTER PEACH Eau De Parfume 3.4 oz 100 ml For men women Unisex New In Box,99.99,US,4.0,8.0,2024-05-24 10:01:25,"HongKong, Hong Kong",799.92,12.0
Armaf,Tres Nuit by Armaf 3.4 oz EDP Cologne for Men New In Box,27.3,US,10.0,179.0,2024-05-24 07:13:43,"Hackensack, New Jersey, United States",4886.7,189.0
Unbranded,12 Piece Mixed Men’s Cologne Lot: Assorted scents In 3.4 Oz Bottles,48.0,US,10.0,7.0,,"Webster, Florida, United States",336.0,17.0
Bvlgari,New Bvlgari Pour Homme Men's Eau De Toilette Spray 3.4 oz/ 100 ml,45.68,US,10.0,5.0,2024-05-22 19:40:47,"Sacramento, California, United States",228.4,15.0
Christian Dior,SAUVAGE by Christian Dior EDP For Men 6.8 oz / 200 ml *NEW IN SEALED BOX*,159.99,US,10.0,160.0,2024-05-16 05:23:22,"Miami, Florida, United States",25598.4,170.0
Unbranded,Hawas for him Eau De Parfum By Rasasi 100ml 3.4 FL OZ NEW,17.99,US,10.0,3.0,2024-05-23 17:06:03,"Shenzhen, China",53.97,13.0
Ralph Lauren,Polo Green by Ralph Lauren Cologne for Men 4 / 4.0 oz Brand New In Box,35.99,US,10.0,4520.0,2024-05-24 08:57:22,"Hackensack, New Jersey, United States",162674.80000000002,4530.0
Dossier,Dossier Aromatic Pineapple Eau de Parfum. Size: 50ml / 1.7oz,20.0,US,10.0,0.0,,"Los Angeles, California, United States",0.0,10.0
Parfums de Marly,New Parfums de Marly Kalan by Parfums de Marly 4.2 oz EDP Spray for Men Cologne,82.99,US,3.0,5.0,2024-05-22 19:16:28,"College Point, New York, United States",414.95,8.0
SECERTMU,"Vyg Cologne, Vyg Perfume, Vyg Fragrance, Vyg Fragrances, Vyg Mens Perfume",11.99,US,10.0,11.0,2024-05-21 19:31:59,"San Francisco, California, United States",131.89000000000001,21.0
Salvatore Ferragamo,Salvatore Ferragamo Uomo Eau De Toilette 100.0 ML IN WHITE BOX,32.99,US,0.0,10.0,2024-05-23 11:29:21,"Edison, New Jersey, United States",329.90000000000003,10.0
Giorgio Armani,New Giorgio Armani Acqua Di Gio 3.4 oz Men's Eau de Toilette Spray IN BOX US1,28.99,US,9.0,111.0,2024-05-24 00:02:00,"College Point, New York, United States",3217.89,120.0
MontBlanc,Montblanc Legend Spirit / MontBlanc EDT Spray 3.3 oz (100 ml) (m),35.71,US,3.0,30.0,2024-05-24 06:08:29,"Brooklyn, New York, United States",1071.3,33.0
Armaf,ARMAF Men's Odyssey Mandarin Sky EDP Spray 3.4 oz Limited Edition Y1,39.99,US,3.0,76.0,2024-05-24 00:56:45,"Los Angeles, California, United States",3039.2400000000002,79.0
Giorgio Armani,Giorgio Armani Aqua Di Gio Men 3.4 oz EDT Aquatic Fresh Fragrance New,29.99,US,10.0,410.0,2024-05-24 08:45:15,"Melvindale, Michigan, United States",12295.9,420.0
Ard Al Zaafaran,Ard Al Zaafaran Men's Midnight Oud EDP Spray 3.4 oz Fragrances 6205413337789,17.85,US,3.0,29.0,2024-05-24 08:56:45,"Brooklyn, New York, United States",517.6500000000001,32.0
Karl Lagerfeld,Lagerfeld Classic 3.3 oz 100 ml EDT spray mens cologne NEW Tester,16.91,US,6.0,825.0,2024-03-04 18:12:48,"Edison, New Jersey, United States",13950.75,831.0
Giorgio Armani,Armani Code Profumo by Giorgio Armani 3.7 fl oz/110 ml Parfum Men's New & Sealed,69.99,US,2.0,81.0,2024-05-18 05:26:34,"Thomasville, Alabama, United States",5669.19,83.0
Davidoff,Cool Water by Davidoff Cologne for Men 6.7 / 6.8 oz Brand New In Box,38.24,US,0.0,13549.0,2024-05-24 10:26:59,"Hackensack, New Jersey, United States",518113.76,13549.0
J. Del Pozo,HALLOWEEN MAN X EDT 4.2 OZ / 125 ML FOR MEN (NEW IN WHITE BOX),30.99,US,10.0,866.0,2024-05-13 10:02:02,"Brooklyn, New York, United States",26837.34,876.0
Sean John,Sean John Unforgivable for Men EDT Cologne 4.2 oz,29.99,US,10.0,471.0,2024-05-23 16:29:12,"Miami, Florida, United States",14125.289999999999,481.0
AS PICTURE SHOWN,Silver Mountain Water Eau De Parfum 3.3 / 3.4 OZ 100 ML Spray For men New In Box,125.99,US,0.0,15.0,2024-05-24 01:04:08,"Livingston Manor, New York, United States",1889.85,15.0
YSL,YSL Yves Saint Laurent Y Eau de Perfume 3.3 oz 100ML Cologne Spray For Men,39.99,US,3.0,9.0,2024-05-21 09:33:44,"Ontario, California, United States, Hong Kong",359.91,12.0
Dolce & Gabbana,K by Dolce & Gabbana cologne for men EDT 3.3 / 3.4 oz New Tester,36.36,US,226.0,771.0,2024-05-23 13:02:17,"Dallas, Texas, United States",28033.56,997.0
Abercrombie & Fitch,Abercrombie & Fitch Fierce 6.7 oz/200 ml Eau de Cologne Brand New Sealed In Box,49.99,US,7.0,916.0,2024-05-21 09:02:01,"Melvindale, Michigan, United States",45790.840000000004,923.0
Nautica,NAUTICA VOYAGE cologne for men EDT 6.7 oz 6.8 New in Box,33.45,US,127.0,1391.0,2024-05-23 03:25:35,"Dallas, Texas, United States",46528.950000000004,1518.0
Abercrombie & Fitch,Fierce By Abercrombie & Fitch 6.7 fl oz / 200 ML Cologne Spray Brand New In Box,44.0,US,2.0,24.0,2024-05-20 00:27:05,"Warren, Michigan, United States",1056.0,26.0
Jaguar,JAGUAR CLASSIC BLACK by Jaguar cologne for men EDT 3.3 / 3.4 oz New in Box,15.4,US,224.0,3942.0,2024-05-21 20:09:06,"Dallas, Texas, United States",60706.8,4166.0
EBC,Long Lasting Fire Cologne for Men (Inspired by Fahrenheit) 3.4oz/100ml,13.5,US,10.0,17.0,2024-05-09 17:47:19,"Hialeah, Florida, United States",229.5,27.0
Azzaro,Azzaro Wanted Tonic by Azzaro 3.4 oz EDT Cologne for Men Brand New Tester,27.94,US,0.0,1140.0,2024-05-22 11:04:54,"Hackensack, New Jersey, United States",31851.600000000002,1140.0
Montblanc,Mont Blanc Legend Spirit 6.7 oz EDT Cologne for Men New In Box,52.62,US,0.0,5098.0,2024-05-24 10:18:05,"Hackensack, New Jersey, United States",268256.76,5098.0
Dolce & Gabbana,"Light Blue Summer Vibes by Dolce & Gabbana, 4.2 oz EDT Spray for Men",50.08,US,10.0,182.0,2024-05-24 07:58:17,"Edison, New Jersey, United States",9114.56,192.0
Bath & Body Works,OCEAN Cologne Bath & Body Works 3.4 Oz 100 ml Spray Men's Collection Ne🦋,28.95,US,0.0,5.0,,"Chesapeake, Virginia, United States",144.75,5.0
Jean Paul Gaultier,Jean Paul Gaultier Le Beau Eau De Toilette 5 ML spray For Men,12.2,US,10.0,5.0,2024-05-20 14:43:18,"Miami, Florida, United States",61.0,15.0
Paco Rabanne,PACO RABANNE pour homme Cologne for Men EDT  3.3 / 3.4 oz New Tester,28.93,US,44.0,4764.0,2024-05-22 11:37:19,"Dallas, Texas, United States",137822.52,4808.0
Issey Miyake,L'EAU D'ISSEY By Issey Miyake cologne for him EDT 6.7 / 6.8 oz New in Box,54.92,US,124.0,2465.0,2024-05-24 08:21:08,"Dallas, Texas, United States",135377.80000000002,2589.0
Polo Ralph Lauren,POLO GREEN by Ralph Lauren 4.0 oz 4 Cologne EDT Men GREEN New in Box & Sealed,34.99,US,7.0,17.0,2024-05-23 10:28:54,"Highland Park, Michigan, United States",594.83,24.0
Calvin Klein,Eternity Flame by Calvin Klein 3.4 oz EDT Cologne for Men New In Box,25.98,US,10.0,1536.0,2024-05-24 10:18:05,"Hackensack, New Jersey, United States",39905.28,1546.0
King,Bharara King Eau De Parfum Men 3.4 Oz,74.8,US,0.0,430.0,2024-05-24 09:36:50,"Dallas, Texas, United States",32164.0,430.0
Versace,Versace Eros by Gianni Versace 3.4 oz EDT Cologne for Men Tester,39.77,US,0.0,31718.0,2024-05-24 10:26:59,"Hackensack, New Jersey, United States",1261424.86,31718.0
Prada,Prada L'Homme 3.4 oz EDT Cologne for Men New In Box,86.87,US,0.0,322.0,2024-05-23 20:20:11,"Hackensack, New Jersey, United States",27972.140000000003,322.0
Cologne,"Savage for Men- 3.4 Oz Men's Eau De Toilette . Men's Casual Cologne, not Sauvage",10.99,US,10.0,1044.0,2024-05-18 14:38:27,"Katy, Texas, United States",11473.56,1054.0
Giorgio Armani,Giorgio Armani Acqua Di Gio EDT 3.4 oz Fresh Aquatic Men's Cologne,29.99,US,9.0,204.0,2024-05-23 10:46:14,"Farmington, Michigan, United States",6117.96,213.0
Versace,Versace Pour Homme Signature by Versace 3.4 oz EDT Cologne for Men New In Box,44.94,US,10.0,21310.0,2024-05-23 19:44:36,"Hackensack, New Jersey, United States",957671.3999999999,21320.0
Valentino,Valentino Uomo Born in Roma Intense 10ml Spray For Men .,18.99,US,10.0,8.0,2024-05-20 14:29:09,"Miami, Florida, United States",151.92,18.0
HUGO BOSS,HUGO BOSS BOTTLED NIGHT EAU DE TOILETTE NATURAL SPRAY 1.6 OZ - BOXED,17.95,US,10.0,75.0,2024-04-02 11:24:36,"Des Moines, Iowa, United States",1346.25,85.0
Giorgio Armani,Giorgio Armani Acqua Di Gio 3.4 oz Men's Eau de Toilette Cologne NEW & SEALED,29.95,US,6.0,1484.0,2024-05-23 21:10:46,"Warren, Michigan, United States",44445.799999999996,1490.0
Polo Ralph Lauren,Polo Green by Ralph Lauren EDT for Men 4.0 oz - 118 ml NEW IN BOX SEALED,36.99,US,9.0,257.0,2024-05-24 06:07:15,"Laughlin, Nevada, United States",9506.43,266.0
Mont Blanc,Mont Blanc Legend by Mont Blanc cologne for men EDP 3.3 / 3.4 oz New In Box,36.81,US,207.0,1234.0,2024-05-24 09:22:44,"Dallas, Texas, United States",45423.54,1441.0
Dossier,Dossier Aromatic Watermelon Eau de Parfum. Size: 50ml / 1.7oz,15.0,US,10.0,12.0,2024-05-19 23:29:58,"Los Angeles, California, United States",180.0,22.0
Ralph Lauren,Polo Blue by Ralph Lauren EDT for Men 6.7oz - 200ml *NEW IN SEALED BOX*,49.99,US,10.0,243.0,2024-03-12 08:24:51,"Miami, Florida, United States",12147.57,253.0
BHARARA,BHARARA KING men 3.4 Oz Eau de Parfum spray NEW IN BOX,53.99,US,9.0,512.0,2024-05-24 05:27:02,"Melissa, Texas, United States",27642.88,521.0
Tommy Bahama,Tommy Bahama St. Kitts / Tommy Bahama Cologne Spray 3.4 oz (100 ml) (M),22.98,US,3.0,18.0,2024-05-23 22:10:24,"Brooklyn, New York, United States",413.64,21.0
Mont Blanc,Starwalker by Mont Blanc 2.5 oz EDT Cologne for Men Brand New Tester,22.24,US,10.0,1424.0,2024-05-24 07:07:02,"Hackensack, New Jersey, United States",31669.76,1434.0
Dolce&Gabbana,Dolce & Gabbana Light Blue Men 4.2 oz Eau De Toilette Spray Brand New Sealed!!,28.5,US,6.0,566.0,2024-05-23 22:20:26,"Grand Rapids, Michigan, United States",16131.0,572.0
Armaf,ARMAF VENTANA MARINE EDP 3.4 OZ / 100 ML FOR MEN (NIB) SEALED,29.0,US,3.0,57.0,2024-05-20 18:06:47,"Brooklyn, New York, United States",1653.0,60.0
Paul Sebastian,Paul Sebastian PS Cologne Spray 4.0 / 4 oz EDC For Men New tester,17.12,US,310.0,597.0,2024-05-24 09:32:11,"Dallas, Texas, United States",10220.640000000001,907.0
Halloween,Halloween Men's Man Mystery EDP 4.2 oz (Tester) Fragrances 8431754008615,30.07,US,3.0,25.0,2024-05-23 19:44:52,"Brooklyn, New York, United States",751.75,28.0
Boucheron,Jaipur Homme / Boucheron EDP Spray 3.4 oz (m) (100 ml),32.89,US,3.0,61.0,2024-05-24 03:08:22,"Brooklyn, New York, United States",2006.29,64.0
Thierry Mugler,Mugler Cologne Come Together by Thierry Mugler 3.3 oz EDT Spray in Sealed Box,59.99,US,10.0,221.0,2024-05-23 21:56:49,"Katy, Texas, United States",13257.79,231.0
Jo Malone,Jo Malone Cypress & Grapevine by Jo Malone Cologne Intense Spray 1.7 oz for Men,63.99,US,2.0,6.0,2024-05-21 18:24:52,"Harwood Heights, Illinois, United States",383.94,8.0
Dolce&Gabbana,Dolce & Gabbana Pour Homme Men's EDT Cologne 4.2 Oz New in Box,38.99,US,5.0,40.0,2024-05-21 08:49:20,"Detroit, Michigan, United States",1559.6000000000001,45.0
Giorgio Armani,Giorgio Armani Aqua Di Gio Men's 3.4 oz EDT Classic Scent Brand New,29.99,US,6.0,233.0,2024-05-23 09:40:17,"Macomb, Michigan, United States",6987.67,239.0
ISSEY MIYAKE,L'EAU D'ISSEY by ISSEY MIYAKE  Cologne for Men 6.7 oz  NEW IN BOX,54.91,US,10.0,2206.0,2024-05-24 08:29:02,"Hackensack, New Jersey, United States",121131.45999999999,2216.0
Parfums de Marly,Herod by Parfums de Marly 2.5 oz EDP Cologne for Men New In Box,124.96,US,10.0,151.0,2024-05-19 15:44:30,"Hackensack, New Jersey, United States",18868.96,161.0
Unbranded,YSL Yves Saint Laurent Y Eau de Perfume Spray Cologne For Men 3.3 oz 100ML,49.99,US,8.0,68.0,2024-05-19 18:38:36,"New Jersey, United States",3399.32,76.0
Khadlaj,Khadlaj Karus Blu Spice 3.4 EDP New 🆕,54.86,US,3.0,4.0,2024-05-23 22:14:29,"Brooklyn, New York, United States",219.44,7.0
HERMÈS,Terre D'hermes by Hermes EDT for Men Spray 6.7 oz / 200 ml *NEW IN SEALED BOX*,99.99,US,10.0,65.0,2024-03-12 09:30:20,"Miami, Florida, United States",6499.349999999999,75.0
Bath & Body Works,MAHOGANY TEAKWOOD Cologne 3.4oz Spray Collection Bath and & Body Works Ne🦋 2024,35.68,US,9.0,12.0,,"Chesapeake, Virginia, United States",428.15999999999997,21.0
Ralph Lauren,Polo Double Black 4.2 oz by Ralph Lauren Mens Eau De Toilette Spray New & Sealed,44.99,US,6.0,14.0,2024-05-21 23:16:01,"Warren, Michigan, United States",629.86,20.0
Louis Vuitton,Louis Vuitton Imagination Eau De Parfum Sample Spray - 2ml/0.06oz,21.95,US,10.0,448.0,2024-05-23 22:35:31,"Pearland, Texas, United States",9833.6,458.0
Giorgio Armani,Giorgio Armani Acqua Di Gio 3.4 oz Men's Eau de Toilette Spray New & Sealed,29.99,US,10.0,588.0,2024-05-24 08:09:29,"Detroit, Michigan, United States",17634.12,598.0
Dolce&Gabbana,The One by Dolce & Gabbana 5 / 5.0 oz EDT Cologne for Men New In Box,63.69,US,0.0,4733.0,2024-05-24 10:18:07,"Hackensack, New Jersey, United States",301444.76999999996,4733.0
Creed,"Aventus by Creed, 3.3 oz Millesime EDP Spray for Men",259.09,US,10.0,456.0,2024-05-24 08:34:05,"Edison, New Jersey, United States",118145.04,466.0
MFK,AQUA MEDIA COLOGNE FORTE 70 ML / 2.4 oz NEW BOX,119.99,US,6.0,13.0,2024-05-22 17:57:01,"California USA Taiwan, Taiwan",1559.87,19.0
Hermes,Hermes Men's Terre d'Hermes EDT Spray 0.42 oz Fragrances 3346130013426,19.73,US,3.0,20.0,2024-05-24 06:14:31,"Brooklyn, New York, United States",394.6,23.0
Ralph Lauren,Ralph Lauren Polo Black 4.2 oz Men's EDT Cologne New Sealed,31.99,US,5.0,56.0,2024-05-23 07:16:20,"Ecorse, Michigan, United States",1791.4399999999998,61.0
Dolce&Gabbana,Dolce & Gabbana Light Blue Men 4.2 oz Eau De Toilette Spray Brand New Sealed,28.79,US,9.0,45.0,2024-05-23 21:29:48,"Detroit, Michigan, United States",1295.55,54.0
fragrance,YSL Yves Saint Laurent Y Eau de Perfume Spray Cologne For Men 3.3 oz 100ML,46.99,US,2.0,3.0,2024-05-24 00:24:54,"New City, New York, United States",140.97,5.0
Versace,mini cologne Versace Pour Homme for Men Brand New In Box,8.84,US,10.0,9410.0,2024-05-23 09:06:49,"Hackensack, New Jersey, United States",83184.4,9420.0
Jean Paul Gaultier,Jean Paul Gaultier Le Male LE PARFUM 4.2 oz. Eau de Parfum INTENSE Spray. NO BOX,94.99,US,10.0,1024.0,2024-05-24 08:44:57,"Katy, Texas, United States",97269.76,1034.0
Yves Saint Laurent,Y By Yves Saint Laurent LE PARFUM for Men 3.3 oz / 100 ml *NEW IN BOX*,94.99,US,10.0,581.0,2024-05-14 07:23:28,"Miami, Florida, United States",55189.189999999995,591.0
Yves Saint Laurent,LA NUIT DE L'HOMME by Yves Saint Laurent cologne EDT 3.3 / 3.4 oz New in Box,70.66,US,199.0,720.0,2024-05-24 07:28:09,"Dallas, Texas, United States",50875.2,919.0
AS SHOWN,Homme by Christian 3.4 oz / 100ML cologne Eau de Toilette EDT for men New in Box,52.99,US,5.0,34.0,2024-05-22 17:39:13,"USA,California, Hong Kong",1801.66,39.0
CHANEL,Chanel Allure Homme Sport Eau Extreme 3.4oz 100ml New Authentic TES TER Bottle,129.0,US,3.0,11.0,2024-05-21 18:08:59,"Houston, Texas, United States",1419.0,14.0
Jean Paul Gaultier,Le Male by Jean Paul Gaultier 4.2 fl oz EDT Cologne for Men Brand New In Box,51.99,US,10.0,248.0,2024-05-24 10:17:45,"Detroit, Michigan, United States",12893.52,258.0
Roja,"Elysium by Roja Parfums, 3.4 oz Parfum Cologne Spray for Men",202.95,US,2.0,18.0,2024-05-24 07:55:27,"Edison, New Jersey, United States",3653.1,20.0
Maison Alhambra,Maison Alhambra Men's Salvo Intense EDP 3.4 oz Fragrances 6291108733486,19.73,US,3.0,18.0,2024-05-24 05:44:31,"Brooklyn, New York, United States",355.14,21.0
Lalique,"Brioni Intense by Brioni, 3.4 oz EDP Spray for Men",57.46,US,10.0,202.0,2024-05-24 08:50:39,"Edison, New Jersey, United States",11606.92,212.0
Jean Paul Gaultier,LE MALE BY JEAN PAUL GAULTIER 4.2 FL OZ EAU DE TOILETTE SPRAY MEN'S NEW & SEALED,45.49,US,2.0,116.0,2024-05-24 03:20:23,"Cincinnati, Ohio, United States",5276.84,118.0
Penhaligon's,Vintage Penhaligon's London Sartorial EDT 10ML Sprayer,55.0,US,4.0,1.0,2024-05-20 15:45:43,"Melbourne, Florida, United States",55.0,5.0
Dior,Dior SAUVAGE by Christian Dior EDT Men 100 ml 3.4 oz BRAND NEW & SEALED BOX,84.99,US,9.0,16.0,2024-05-24 05:54:57,"Warren, Michigan, United States",1359.84,25.0
Liz Claiborne,CURVE for Men by Liz Claiborne 4.2 oz edt Cologne Spray New in Can / TIN,27.03,US,101.0,1337.0,2024-05-21 11:23:08,"Dallas, Texas, United States",36139.11,1438.0
Bvlgari,NEW Men's EDT Bvlgari Pour Homme Eau De Toilette Spray 3.4 fl oz Sealed in Box,45.69,US,8.0,31.0,2024-05-15 03:14:10,"Houston, Texas, HongKong, China",1416.3899999999999,39.0
Unbranded,1/2PCS 50ml Men's Pheromone-Cupid Infused Perfume- Hypnosis Cologne Fragrances,12.98,US,10.0,103.0,2024-05-24 10:10:30,"Perth Amboy, New Jersey, United States",1336.94,113.0
By Al Hambra,Yeah! By Maison Alhambra  3.4/3.3 oz Edp Spray For Men New In Box,25.7,US,10.0,72.0,2024-04-12 07:43:55,"New York, New York, United States",1850.3999999999999,82.0
Giorgio Armani,Acqua Di Gio by Giorgio Armani 6.7 oz Spray Eau De Toilette Mens New & Sealed,45.99,US,0.0,101.0,2024-05-24 02:49:19,"Pfafftown, North Carolina, United States",4644.99,101.0
Paco Rabanne,1 Million by Paco Rabanne 3.4 oz EDT Cologne for Men New Tester,47.99,US,0.0,8877.0,2024-05-23 20:23:14,"Hackensack, New Jersey, United States",426007.23000000004,8877.0
Polo Ralph Lauren,Ralph Lauren Polo Blue Men's 4.2 oz 125 ml Eau De Toilette Spray New Sealed,32.0,US,4.0,445.0,2024-05-23 23:12:15,"Bethpage, New York, United States",14240.0,449.0
Joop,Joop! Men's JOOP! Homme Le Parfum EDP Spray 4.2 oz Fragrances 3616303040512,38.53,US,3.0,33.0,2024-05-23 09:32:48,"Brooklyn, New York, United States",1271.49,36.0
Versace,Versace Pour Homme by Versace EDT for Men 3.4 oz / 100 ml  *NEW*,37.99,US,10.0,26.0,2024-03-01 11:28:05,"Miami, Florida, United States",987.74,36.0
CHANEL,"Chanel Bleu De Chanel PARFUM Pour Homme Men's Sample Spray .05oz, 1.5ml",13.89,US,3.0,239.0,2024-05-24 00:31:06,"Phillipsburg, New Jersey, United States",3319.71,242.0
As shown,Male Eau De TOILETTE 3.4 oz / 100 ml EDT Spray For Men New In Seald Box USA,49.99,US,5.0,24.0,2024-05-22 17:27:49,"Hongkong/California, Hong Kong",1199.76,29.0
Ted Lapidus,Ted Lapidus Men's Poker Face EDT 3.4 oz Fragrances 3355992008341,28.65,US,3.0,9.0,2024-05-22 21:26:49,"Brooklyn, New York, United States",257.84999999999997,12.0
Dossier,Dossier Musky Oakmoss Eau de Parfum. Size: 50ml / 1.7oz,29.0,US,0.0,19.0,2024-05-05 23:18:46,"Los Angeles, California, United States",551.0,19.0
AS SHOW,Eros 3.4 oz / 100ml EDP Spray For Men New Sealed in Box,35.99,US,10.0,51.0,2024-05-23 19:47:23,"New York,USA, Hong Kong",1835.49,61.0
Paco Rabanne,Paco Rabanne Invictus 3.4oz Eau de Toilette Men's Cologne Sealed,39.99,US,10.0,16.0,2024-05-23 08:37:31,"Ecorse, Michigan, United States",639.84,26.0
Ralph Lauren,"Polo Black by Ralph Lauren 4.2 Oz / 125 Ml – Men's EDT, Original Sealed Box",31.99,US,6.0,44.0,2024-05-24 08:35:47,"Dearborn, Michigan, United States",1407.56,50.0
Versace,Versace Eros Flame by Versace 3.4 oz EDP Cologne PARFUM for Men New In Box,36.99,US,9.0,37.0,2024-05-24 00:16:00,"Toronto,Ontario, Canada",1368.63,46.0
Unbranded,Hawas for Men Eau De Parfum - 100ML (3.4 oz) by Rasasi Y1,54.99,US,2.0,6.0,2024-05-24 00:56:01,"Los Angeles, California, United States",329.94,8.0
Unbranded,"Cupid Hypnosis Cologne For Men Cupid Fragrances for Men, Cupid Cologne for Men--",15.99,US,10.0,62.0,2024-05-21 19:32:25,"Los Angeles, California, United States",991.38,72.0
Paco Rabanne,Paco Rabanne Invictus 3.4 oz EDT Sporty Men's Cologne Energizing Scent Sealed,39.99,US,10.0,118.0,2024-05-17 10:37:39,"Southgate, Michigan, United States",4718.820000000001,128.0
Dolce & Gabbana,"Light Blue Eau Intense by Dolce & Gabbana, 6.7 oz EDP Spray for Men",69.02,US,10.0,370.0,2024-05-24 07:14:08,"Edison, New Jersey, United States",25537.399999999998,380.0
Dossier,Dossier Musky Oakmoss Eau de Parfum Natural Fragrance 1.7 Oz Cologne New no Box,22.99,US,10.0,52.0,2024-05-17 11:39:08,"Bogota, New Jersey, United States",1195.48,62.0
AXE,6 - AXE Fragrance Premium Body Spray 1 oz - Black Vanilla + $3 OFF Retail,11.99,US,5.0,15.0,2024-05-08 15:39:55,"Euless, Texas, United States",179.85,20.0
Dolce&Gabbana,"Dolce & Gabbana Light Blue for Men - Invigorating 4.2oz EDT Spray, New",29.99,US,7.0,51.0,2024-05-22 08:29:15,"Dearborn Heights, Michigan, United States",1529.49,58.0
Azzaro,Azzaro Pour Homme by Azzaro cologne EDT 3.3 / 3.4 oz New Tester,18.1,US,84.0,210.0,2024-05-21 09:40:06,"Dallas, Texas, United States",3801.0000000000005,294.0
Calvin Klein,Calvin Klein Eternity Air 3.4 oz EDT spray mens cologne 100ml NIB,28.99,US,10.0,124.0,2024-05-05 01:21:25,"Edison, New Jersey, United States",3594.7599999999998,134.0
Yves Saint Laurent,Y by Yves Saint Laurent cologne for men EDT 3.3 / 3.4 oz New,57.17,US,7.0,210.0,2024-05-24 01:43:21,"Dallas, Texas, United States",12005.7,217.0
as showed,Men's Fahrenheit Eau De Toilette Cologne Spray 3.4oz / 100 ML New in Box Sealed,9.61,US,0.0,17.0,2024-05-20 19:45:54,"New York, Hong Kong",163.37,17.0
Paco Rabanne,Paco Rabanne Invictus EDT 3.4 oz | Men's Cologne,39.99,US,3.0,3.0,2024-05-08 14:29:55,"27704, United States",119.97,6.0
Giorgio Armani,Acqua Di Gio Profumo by Giorgio Armani 4.2oz Cologne for Men New IN Box,138.99,US,4.0,6.0,2024-05-16 02:12:52,"New York,United States, Hong Kong",833.94,10.0
Ralph Lauren,"Polo Red by Ralph Lauren Men's 6.7oz EDT - Vibrant Scent, Sealed New",44.49,US,5.0,4.0,2024-05-18 08:26:37,"Flat Lick, Kentucky, United States",177.96,9.0
Afnan,Afnan Men's Supremacy In Heaven EDP Spray 3.38 oz/100ML (Tester) Fragrances,23.49,US,3.0,14.0,2024-05-23 21:50:21,"Brooklyn, New York, United States",328.85999999999996,17.0
Giorgio Armani,Giorgio Armani Acqua Di Gio 3.4 oz Men's Eau de Toilette Spray New & Sealed Box,29.99,US,10.0,179.0,2024-05-24 07:53:38,"Ecorse, Michigan, United States",5368.21,189.0
Ralph Lauren,*Brand New 2024 Release* POLO 67 by Ralph Lauren - 10ML Travel Sample - Nice!!!!,22.99,US,6.0,14.0,2024-05-12 17:06:25,"Brooklyn, New York, United States",321.85999999999996,20.0
Versace,"Versace 4pc Miniature Gift Set for Men Eau Fraiche, Dylan Blue, Eros, Pour Homme",29.19,US,10.0,1787.0,2024-05-24 06:34:25,"Miami, Florida, United States",52162.53,1797.0
Lomani,AB SPIRIT MILLIONAIRE by Lomani men 3.3 oz 3.4 edt cologne NEW IN BOX,16.39,US,31.0,1630.0,2024-05-24 10:18:08,"Dallas, Texas, United States",26715.7,1661.0
king of kings,King of Kings Royal Blue Parfum 3.4 oz for Men is a wonderful men's fragrance,79.99,US,7.0,43.0,2024-05-21 12:02:21,"North Brunswick, New Jersey, United States",3439.5699999999997,50.0
SECERTMU,New 2024 Sexy Cologne Cupid Hypnosis Long Lasting Pheromone Perfume for Men US !,7.96,US,10.0,38.0,2024-02-22 02:08:53,"San Francisco, California, United States",302.48,48.0
Paco Rabanne,1 Million by Paco Rabanne 3.4 Fl oz / 100 ml PARFUM Spray Men's New & Sealed,69.99,US,9.0,2.0,2024-05-24 05:54:34,"Warren, Michigan, United States",139.98,11.0
Jean Paul Gaultier,Jean Paul Gaultier Le Male Le Parfum Eau de Parfume Spray 125ml  fast shipping,92.0,US,3.0,37.0,2024-05-19 11:37:40,"NEW YORK, United States",3404.0,40.0
Carolina Herrera,Carolina Herrera 212 Men NYC EDT 3.4oz Luxury Men's Fragrance Sealed,39.99,US,6.0,25.0,2024-05-23 09:08:21,"Detroit, Michigan, United States",999.75,31.0
AS SHOWN,Y*S*L Y Eau De Parfum 3.3 oz / 100 ml EDP Fragrance Spray for Men NEW IN BOX,49.99,US,5.0,43.0,2024-05-22 18:23:23,"USA,California, Hong Kong",2149.57,48.0
Afnan,Supremacy in Heaven by Afnan 3.4 oz EDP Cologne for Men New In Box,25.86,US,13.0,55.0,2024-05-21 08:20:51,"Melissa, Texas, United States",1422.3,68.0
Dolce & Gabbana,D&G DOLCE & GABBANA THE ONE FOR MEN EDT INTENSE LUMINOUS .8ml SAMPLES TRY ALL 4,16.0,US,10.0,41.0,,"Albany, New York, United States",656.0,51.0
Jean Paul Gaultier,Jean Paul Gaultier Le Male Le Parfum Eau de Parfume Spray 125ml,92.0,US,3.0,29.0,2024-05-20 23:59:09,"NEW YORK, United States",2668.0,32.0
Ralph Lauren,Polo Red Intense by Ralph Lauren 2.5 oz / 75 ml Edp spy cologne for men homme,89.25,US,10.0,39.0,2024-05-17 09:28:09,"Lynwood, California, United States",3480.75,49.0
Dior,Dior Sauvage Eau de Toilette 3.4 Oz 100ml Brand New Sealed In box Free,84.99,US,9.0,13.0,2024-05-22 05:35:53,"Warren, Michigan, United States",1104.87,22.0
Burberry,Burberry Touch by Burberry EDT Cologne for Men 3.3 / 3.4 oz Brand New Tester,28.25,US,10.0,12583.0,2024-05-24 07:53:46,"Hackensack, New Jersey, United States",355469.75,12593.0
Giorgio Armani,ARMANI CODE GIORGIO ARMANI PARFUM MINI BOTTLE SPLASH 7 ML 0.23 FL OZ NEW,15.99,US,10.0,20.0,,"Woodbridge, Virginia, United States",319.8,30.0
Dior,Dior SAUVAGE by Christian Dior EDT Men 100 ml 3.4 oz BRAND NEW & SEALED BOX,84.99,US,10.0,51.0,2024-05-06 04:40:12,"Sterling Heights, Michigan, United States",4334.49,61.0
Abercrombie & Fitch,Abercrombie & Fitch Fierce 3.4 oz /100ml Eau De Cologne For Men Brand New Sealed,38.99,US,10.0,919.0,2024-05-24 08:09:49,"Detroit, Michigan, United States",35831.810000000005,929.0
rue21,Rue 21 CJ Black Cologne Spray  1.7 fl. Oz  New Without Box,25.0,US,4.0,22.0,2024-05-24 02:35:10,"Chesapeake, Virginia, United States",550.0,26.0
Unbranded,Givenchy Gentleman 3.3oz.Eau de Toilette INTENSE Spray for Men New in Sealed Box,39.99,US,5.0,18.0,2024-05-05 23:09:40,"California, United States, Hong Kong",719.82,23.0
Giorgio Armani,Acqua Di Gio Giorgio Armani For Men EDP 0.5 Fl Oz 15Ml. Travel Size Spray New,19.95,US,10.0,6.0,,"Stafford, Texas, United States",119.69999999999999,16.0
Roja Dove,Roja Dove Harrods Aoud Parfum Cologne 3.4oz 100ml For Unisex New In Box,129.99,US,6.0,25.0,2024-05-05 18:27:16,"Pomona, California, United States",3249.75,31.0
Tommy Hilfiger,Impact Tommy Hilfiger 3.4 oz EDT + Travel Spray 0.14 oz Cologne Men New In Box,31.99,US,0.0,40.0,2024-05-23 17:25:38,"Hackensack, New Jersey, United States",1279.6,40.0
Creed,Creed Aventus Men Eau De Parfum Vial Spray SIZE 2.5 ml On Card NEW,15.99,US,10.0,655.0,2024-05-19 08:37:16,"New York, New York, United States",10473.45,665.0
Yves Saint Laurent,New Yves Saint Laurent Y Intense Eau De Parfum EDP Spray for Men 3.3 oz/100 ml,46.48,US,8.0,7.0,2024-05-24 01:20:40,"Houston, Texas,HongKong, China",325.35999999999996,15.0
Lattafa,Raghba For Man EDP Spray 100Ml (3.4 Fl.OZ)+Free Deodorant Spray By Lattafa,18.99,US,10.0,139.0,2024-05-22 12:31:45,"Falls Church, Virginia, United States",2639.6099999999997,149.0
Tom Ford,Tom Ford Noir Extreme by Tom Ford 3.4 oz EDP Cologne for Men New In Box,116.54,US,0.0,262.0,2024-05-23 21:59:23,"Hackensack, New Jersey, United States",30533.480000000003,262.0
Louis Vuitton,Louis Vuitton Ombre Nomade Eau De Parfum Sample Spray - 2ml/0.06oz,22.95,US,9.0,647.0,2024-04-21 21:21:42,"Pearland, Texas, United States",14848.65,656.0
BHARARA,"BHARARA KING PURE PARFUM BY BHARARA 3.4 FOR MEN, new launch 2023",71.49,US,4.0,31.0,2024-05-22 16:32:10,"Melissa, Texas, United States",2216.19,35.0
Davidoff,Cool Water by Davidoff 4.2 oz Eau De Toilette Spray Cologne for Men New In Box,24.49,US,4.0,71.0,2024-05-24 03:36:50,"Las Vegas, Nevada, United States",1738.79,75.0
Unbranded,SEALED NEW CUPID HYPNOSIS MEN’S PHEROMONE COLOGNE 1.7 OZ | MEET MORE HOT WOMEN🔥,15.99,US,10.0,7.0,2024-05-22 19:01:20,"Houston, Texas, United States",111.93,17.0
Ralph Lauren,Polo Blue by Ralph Lauren 4.2 oz / 125ml EDT Spray Cologne For Men NEW & SEALED,34.99,US,10.0,457.0,2024-05-21 09:49:10,"Detroit, Michigan, United States",15990.43,467.0
Cologne,Dr. Squatch Fireside Bourbon Natural Cologne Made in USA FULL SIZE NEW !,41.99,US,10.0,15.0,2024-05-02 21:01:55,"Fredericksburg, Virginia, United States",629.85,25.0
Al Wataniah,Al Wataniah Kayaan Classic 3.4oz EDP,35.0,US,10.0,36.0,2024-04-30 08:56:26,"Englewood Cliffs, New Jersey, United States",1260.0,46.0
HERMÈS,"Hermes Terre D'Hermes Parfum Pure Perfume Sample Spray .06oz, 2ml New in Card",8.49,US,5.0,131.0,2024-05-24 00:33:39,"Phillipsburg, New Jersey, United States",1112.19,136.0
Ralph Lauren,Ralph Lauren Polo Black 4.2 oz EDT Sophisticated Men's Cologne Sealed Box,31.99,US,10.0,103.0,2024-05-19 07:45:31,"Southgate, Michigan, United States",3294.97,113.0
Gucci,Gucci Guilty Cologne for Men EDT 3oz Luxurious Daring Adventure,49.99,US,10.0,78.0,2024-05-24 07:13:24,"Detroit, Michigan, United States",3899.2200000000003,88.0
Joop,Joop Men's Joop Homme Wild EDT 4.2 oz (Tester) Fragrances 3607345849980,23.49,US,0.0,29.0,2024-05-22 13:27:09,"Brooklyn, New York, United States",681.2099999999999,29.0
Burberry,Burberry Touch for Men 3.4oz EDT Cologne New in Box,30.95,US,6.0,36.0,2024-05-24 09:46:46,"Dearborn Heights, Michigan, United States",1114.2,42.0
Aramis,Aramis EDT 3.7 oz Cologne for Men,19.99,US,3.0,8.0,2024-05-21 19:02:41,"Oneida, Tennessee, United States",159.92,11.0
MACARENA,Version Prada Luna Rossa carbon /ATTITUDE NOIR FOR MEN 3.4 OZ FO,19.99,US,10.0,122.0,2024-04-28 09:27:00,"North Brunswick, New Jersey, United States",2438.7799999999997,132.0
Bentley,Bentley Intense by Bentley 3.4 oz EDP Cologne for Men New In Box,29.12,US,0.0,5145.0,2024-05-24 01:45:52,"Hackensack, New Jersey, United States",149822.4,5145.0
Versace,Versace Eros for Men 3.4 fl oz Eau de Toilette Spray,39.99,US,3.0,4.0,2024-05-24 08:24:47,"Egg Harbor Township, New Jersey, United States",159.96,7.0
Giorgio Armani,Armani Code by Giorgio Armani 2.5 oz EDT Cologne for Men New In Box,38.25,US,10.0,363.0,2024-05-23 07:39:28,"Ecorse, Michigan, United States",13884.75,373.0
Giorgio Armani,Giorgio Armani Acqua Di Gio 6.7 oz / 200 ml Men's Eau de Toilette Spray,48.95,US,10.0,969.0,2024-05-23 08:07:24,"Detroit, Michigan, United States",47432.55,979.0
Azzaro,Azzaro The Most Wanted for Men 3.4 fl oz Eau de Parfum Intense Spray,93.05,US,3.0,21.0,2024-05-23 04:02:53,"Brooklyn, New York, United States",1954.05,24.0
Valentino,Valentino Uomo Born In Roma Eau De Toilette Travel Spray 15ml / 0.5 Oz For Men,36.99,US,0.0,32.0,2024-05-22 20:37:35,"Los Angeles, California, United States",1183.68,32.0
Armaf,Armaf Odyssey EDP Spray Men 3.4 oz,27.5,US,10.0,427.0,2024-05-24 08:44:53,"Edison, New Jersey, United States",11742.5,437.0
Coach,COACH NEW YORK by Coach cologne for men EDT 3.3 / 3.4 oz New In Box,36.15,US,487.0,7592.0,2024-05-24 01:43:19,"Dallas, Texas, United States",274450.8,8079.0
Ralph Lauren,Polo Green SET by Ralph Lauren EDT for Men 4.0 oz - 118 ml /15ml *NEW IN BOX*,44.99,US,10.0,27.0,2024-05-08 10:18:58,"Miami, Florida, United States",1214.73,37.0
Coty,Jovan Sex Appeal By Coty Men 3.0 3 oz 88 ml *Cologne* Spray New in Box,16.9,US,4.0,34.0,2024-05-07 11:07:48,"Midway City, California, United States",574.5999999999999,38.0
Azzaro,Azzaro The Most Wanted Men's Eau de Parfum Intense Sprays 1.5ml /0.05oz X 2,9.99,US,10.0,19.0,2024-05-17 14:13:59,"San Gabriel, California, United States",189.81,29.0
Calvin Klein,Ck One by Calvin Klein Eau de Toilette 3.3 fl oz  100 ml Brand New Free Shipping,19.99,US,3.0,4.0,2024-05-23 03:58:47,"Las Vegas, Nevada, United States",79.96,7.0
Armaf,Armaf club de nuit UNTOLD 105ml/3.6oz Eau de Parfum Unisex Spray - New | Sealed,43.45,US,10.0,955.0,2024-05-17 11:40:16,"Houston, Texas, United States",41494.75,965.0
Tommy Bahama,Tommy Bahama MARITIME VOYAGE for Him Men 4.2 oz 1.25 ml Cologne Spray NEW IN BOX,31.95,US,2.0,10.0,2024-05-18 19:41:43,"TX, United States",319.5,12.0
Bharara,BHARARA KING Eau de Parfum EDP for Men 6.7 OZ - 200ML NEW IN BOX SEALED,78.99,US,10.0,142.0,2024-05-03 14:45:35,"Miami, Florida, United States",11216.58,152.0
Lattafa,Lattafa Men's Ramz Silver EDP Spray 3.38 oz Fragrances 6291106066722,25.79,US,3.0,11.0,2024-05-23 23:20:23,"Brooklyn, New York, United States",283.69,14.0
Lanvin,LANVIN L'Homme by Lanvin Cologne L Homme for Men 3.4 oz EDT New in Box,17.99,US,138.0,1955.0,2024-05-24 09:10:18,"Dallas, Texas, United States",35170.45,2093.0
Yves Saint Laurent,Y By Yves Saint Laurent LE PARFUM 3.3 oz / 100 ml Spray New & Sealed In Box,60.99,US,2.0,16.0,2024-05-24 02:09:23,"Houston, Texas, United States",975.84,18.0
Versace,Versace Dylan Blue by Gianni Versace 3.4 oz EDT Cologne for Men New Tester,41.98,US,66.0,4234.0,2024-05-23 15:18:17,"Dallas, Texas, United States",177743.31999999998,4300.0
As Picture Show,For Millesime Imperial Cologne Perfume 3.3 oz 100ML for Men Women Unisex NIB,124.99,US,4.0,13.0,2024-05-24 10:01:25,"Taiwan, Taiwan",1624.87,17.0
Cologne,COOL WATER Cologne by Davidoff 2.5 oz eau de toilette Spray New in Sealed Box,19.9,US,10.0,294.0,2024-05-02 13:48:09,"Rochester, New York, United States",5850.599999999999,304.0
Salvatore Ferragamo,Salvatore Ferragamo Acqua Essenziale Eau De Toilette Spray for Men 3.4 oz,23.0,US,6.0,9.0,2024-05-13 09:37:01,"Glendora, California, United States",207.0,15.0
AS SHOW,Mens Cologne 3.4oz Y Perfume Eau De Parfum 100ml Spray for Men New In Box,49.99,US,8.0,25.0,2024-05-24 00:24:35,"California or Hong Kong, Hong Kong",1249.75,33.0
Afnan,Supremacy Not Only Intense by Afnan 3.4 oz EDP Cologne for Men New In Box,37.89,US,0.0,1242.0,2024-05-24 06:55:05,"Hackensack, New Jersey, United States",47059.38,1242.0
Armaf,Tag - Him Pour Homme by Armaf cologne EDP 3.3 / 3.4 oz New in Box,21.15,US,95.0,739.0,2024-05-15 19:05:45,"Dallas, Texas, United States",15629.849999999999,834.0
Givenchy,Givenchy Gentleman 3.3oz.Eau de Toilette INTENSE Spray for Men New in Sealed Box,59.0,US,10.0,601.0,2024-05-24 09:57:09,"Katy, Texas, United States",35459.0,611.0
Montblanc,Individuel by Mont Blanc 2.5 oz EDT Cologne for Men New In Box,25.81,US,95.0,1424.0,2024-05-24 09:58:09,"Dallas, Texas, United States",36753.439999999995,1519.0
Claude Marsal,Lá Melodie Parfum,180.0,US,0.0,9.0,2024-02-21 16:08:12,"Orlando, Florida, United States",1620.0,9.0
Creed,Creed Silver Mountain Water 3.3 oz EDP Cologne for Men Brand New Tester,160.91,US,0.0,386.0,2024-05-21 07:53:03,"Hackensack, New Jersey, United States",62111.26,386.0
Versace,Versace Men's The Dreamer EDT Spray 3.4 oz (Tester) Fragrances 8011003997848,23.49,US,3.0,25.0,2024-05-23 12:08:57,"Brooklyn, New York, United States",587.25,28.0
Giorgio Armani,Acqua Di Gio Giorgio Armani For Men PARFUM 0.5 Fl Oz 15Ml. Travel Size Spray New,25.95,US,10.0,280.0,2024-05-12 17:11:04,"Stafford, Texas, United States",7266.0,290.0
Yves Saint Laurent,YSL La Nuit De L’Homme Bleu Electrique EDT INTENSE 3.3 oz / 100 ml New & Sealed,144.99,US,10.0,145.0,2024-05-24 10:07:16,"Katy, Texas, United States",21023.550000000003,155.0
Armaf,Club de Nuit Urban Man Elixir by Armaf 3.6 oz EDP Cologne for Men New In Box,38.97,US,10.0,4.0,,"North Brunswick, New Jersey, United States",155.88,14.0
Calvin Klein,Euphoria by Calvin Klein 3.4 oz EDT Cologne for Men New In Box,32.98,US,10.0,4427.0,2024-05-23 23:46:32,"Hackensack, New Jersey, United States",146002.46,4437.0
Liz Claiborne,Curve Cologne for Men by Liz Claiborne  6.7 / 6.8 oz Spray EDC New in Box,33.99,US,155.0,6634.0,2024-05-22 10:02:50,"Dallas, Texas, United States",225489.66,6789.0
Mont Blanc,"Explorer by Mont Blanc, 6.7 oz EDP Spray for Men",62.09,US,10.0,125.0,2024-05-22 12:02:22,"Edison, New Jersey, United States",7761.25,135.0
NIKOS,Sculpture Homme by Nikos 3.4 oz EDT Cologne for Men Brand New Tester,12.23,US,10.0,1128.0,2024-05-22 09:28:38,"Hackensack, New Jersey, United States",13795.44,1138.0
Montblanc,Legend Red by Mont Blanc cologne for men EDP 3.3 / 3.4 oz New in Box,31.29,US,40.0,349.0,2024-05-24 07:16:10,"Dallas, Texas, United States",10920.21,389.0
Yves Saint Laurent,Lanuit De Lhomme by Ysl EDT Spray 3.3 oz (100 ml) (m),69.55,US,3.0,16.0,2024-05-23 17:44:35,"Brooklyn, New York, United States",1112.8,19.0
Lalique,Encre Noire by Lalique Cologne for Men EDT 3.3 / 3.4 oz New In Box,26.52,US,0.0,1866.0,2024-05-24 07:55:09,"Dallas, Texas, United States",49486.32,1866.0
Unbranded,1/2PCS 50ml Men's Pheromone-Cupid Infused Perfume- Hypnosis Cologne Fragrances,14.6,US,5.0,94.0,2024-05-22 23:30:09,"Toronto, Ontario, Canada",1372.3999999999999,99.0
Viktor & Rolf,Spicebomb Extreme by Viktor & Rolf 3.04 oz EDP Cologne for Men New In Box,86.72,US,10.0,1296.0,2024-05-23 19:12:32,"Hackensack, New Jersey, United States",112389.12,1306.0
Paul Sebastian,PS by Paul Sebastian Cologne for Men 8 / 8.0 oz Brand New In Box,26.1,US,4.0,4934.0,2024-05-24 07:07:02,"Hackensack, New Jersey, United States",128777.40000000001,4938.0
Ralph Lauren,Ralph Lauren Polo Black 4.2 oz / 125 ml Eau De Toilette Spray For Men Brand New!,28.2,US,8.0,24.0,2024-05-21 10:01:54,"Hamtramck, Michigan, United States",676.8,32.0
J. Del Pozo,HALLOWEEN MAN J. Del Pozo cologne edt 4.2 oz NEW IN BOX,27.4,US,52.0,397.0,2024-05-21 15:07:11,"Dallas, Texas, United States",10877.8,449.0
Viktor & Rolf,SpiceBomb Extreme Made Stronger With Pheromones For Super Hot Sexual Attraction!,17.98,US,10.0,66.0,2024-05-20 20:09:23,"Austell, Georgia, United States",1186.68,76.0
Rochas,L'homme Rochas by Rochas cologne EDT 3.3 / 3.4 oz New Tester,24.55,US,23.0,433.0,2024-05-02 01:30:34,"Dallas, Texas, United States",10630.15,456.0
PRADA,Prada Luna Rossa Black 3.4 oz EDP Cologne for Men New In Box,90.44,US,0.0,587.0,2024-05-24 08:49:02,"Hackensack, New Jersey, United States",53088.28,587.0
Ralph Lauren,Ralph Lauren Polo Green EDT - Classic Woody Fragrance 4oz Sealed,36.99,US,5.0,7.0,2024-05-23 09:45:25,"Hamtramck, Michigan, United States",258.93,12.0
Classic Brands,"Pure Instinct Pheromone Cologne For Him,Sex Attractant, Men's Best Pheromone 1oz",17.89,US,10.0,2256.0,2024-05-12 18:06:36,"Winter Garden, Florida, United States",40359.840000000004,2266.0
REYANE TRADITION,Insurrection Born To Be a King By Reyane Tradition for Men EDP 3.3 OZ,85.2,US,4.0,73.0,2024-05-22 16:53:06,"Miami, Florida, United States",6219.6,77.0
Paco Rabanne,1 Million Lucky by Paco Rabanne 3.4 oz EDT Cologne for Men New In Box,108.98,US,3.0,33.0,2024-05-24 07:43:03,"Hackensack, New Jersey, United States",3596.34,36.0
Giorgio Beverly Hills,RED by Giorgio Beverly Hills 3.3 / 3.4 oz EDT For Men New in BOX,16.04,US,31.0,2817.0,2024-05-22 12:50:13,"Dallas, Texas, United States",45184.68,2848.0
Yves Saint Laurent,Yves Saint Laurent Y Eau de Toilette Spray For Men YSL EDT 3.3oz 100ml,45.98,US,7.0,343.0,2024-05-20 12:28:06,"Brooklyn, New York, United States",15771.14,350.0
PRADA,Prada Luna Rossa by Prada 3.4 oz EDT Cologne for Men New In Box,84.73,US,0.0,2774.0,2024-05-21 06:58:02,"Hackensack, New Jersey, United States",235041.02000000002,2774.0
Giorgio Armani,Armani Code Profumo 3.7oz by Men's Eau de Parfum Spray EDP New &  Sealed Box,69.99,US,8.0,35.0,2024-05-24 05:43:37,"Highland Park, Michigan, United States",2449.6499999999996,43.0
Rasasi,It's Essential EDP Perfume By Rasasi 100 ML:🥇Hot New Rasasi Premium Line🥇,45.0,US,8.0,37.0,2024-05-17 09:22:33,"San Diego, California, United States",1665.0,45.0
Giorgio Armani,Giorgio Armani Acqua Di Gio 6.7 oz/200 ml Men's Eau de Toilette Spray,48.95,US,10.0,121.0,2024-05-23 08:44:06,"Melvindale, Michigan, United States",5922.950000000001,131.0
CHANEL,"Chanel Allure Homme Sport Eau de Toilette EDT Sample Spray .05oz, 1.5ml in Card",10.7,US,5.0,163.0,2024-05-24 00:31:08,"Phillipsburg, New Jersey, United States",1744.1,168.0
Giorgio Armani,Giorgio Armani Acqua Di Gio 3.4 oz Men's Eau de Toilette Spray New Sealed BOX,27.1,US,8.0,28.0,2024-05-22 10:22:29,"Detroit, Michigan, United States",758.8000000000001,36.0
As Show,Versace Pour Homme Signature 3.4 oz EDT Cologne for Men New In Box,29.99,US,10.0,92.0,2024-05-23 17:35:18,"New York,United States, Hong Kong",2759.08,102.0
Creed,"Aventus Cologne by Creed, 3.3 oz Millesime EDP Spray for Men",212.89,US,10.0,53.0,2024-05-24 08:50:32,"Edison, New Jersey, United States",11283.17,63.0
Yves Saint Laurent,L'Homme by Yves Saint Laurent YSL 3.3 / 3.4 oz EDT Cologne for Men New In Box,71.98,US,0.0,2153.0,2024-05-22 08:31:19,"Hackensack, New Jersey, United States",154972.94,2153.0
Dior,Fahrenheit by Christian Dior 3.4 oz EDT Cologne for Men New In Box,89.98,US,8.0,1243.0,2024-05-22 01:59:02,"Hackensack, New Jersey, United States",111845.14,1251.0
as showed,Mens Fahrenheit Eau De Toilette Cologne Spray 3.4 fl.oz 100 ML New in Box Sealed,43.47,US,10.0,34.0,2024-05-12 17:40:33,"Hong Kong or Virginia, Hong Kong",1477.98,44.0
Myrurgia,YACHT MAN RED by Myrurgia 3.3 / 3.4 oz EDT Cologne for Men New in Box,9.98,US,36.0,8453.0,2024-05-21 13:43:42,"Dallas, Texas, United States",84360.94,8489.0
Lattafa,Ajayeb Dubai Portrait by Lattafa for Unisex - 3.4 oz EDP Spray,24.4,US,50.0,14.0,2024-05-23 17:21:52,"Ronkonkoma, New York, United States",341.59999999999997,64.0
Jovan,Jovan Platinum Musk by Jovan cologne for men EDC 3.0 oz New in Box,10.19,US,44.0,330.0,2024-05-13 09:31:59,"Dallas, Texas, United States",3362.7,374.0
Coty Inc.,"Adidas Moves for Him Body Fragrance for Men, 2.5 Fl Oz, Liquid, Grapefruit",9.21,US,5.0,72.0,2024-05-24 07:35:23,"San Diego, California, United States",663.1200000000001,77.0
Rasasi,Rasasi Hawas for Men sample,16.97,US,10.0,16.0,2024-05-15 18:42:00,"Buhl, Idaho, United States",271.52,26.0
Giorgio Armani,Acqua Di Gio Profondo by Giorgio Armani 2.5 oz Parfum Cologne for Men New In Box,78.99,US,10.0,743.0,2024-05-22 11:57:53,"Hackensack, New Jersey, United States",58689.57,753.0
Calvin Klein,CK FREE by Calvin Klein cologne for men EDT 3.3 / 3.4 oz New Tester,19.16,US,72.0,348.0,2024-05-24 01:43:20,"Dallas, Texas, United States",6667.68,420.0
MONT BLANC LEGEND,MONT BLANC LEGEND SPIRIT EDT 3.3 OZ FOR MEN WITH CAP NEW IN WHITE BOX,33.5,US,0.0,1511.0,2024-05-22 16:32:56,"Brooklyn, New York, United States",50618.5,1511.0
KING OF KINGS,ROYAL NOIR 3.4 OZ PARFUM BY KING OF KINGS,79.99,US,9.0,15.0,2024-05-15 12:51:02,"North Brunswick, New Jersey, United States",1199.85,24.0
Ulric de Varens,"Varens For Men Cafe Vanille Eau De Toilette for MEN - Gourmand, Elegant, Bold",22.0,US,49.0,1.0,,"Miami, Florida, United States",22.0,50.0
Emporio Armani,Emporio Armani Stronger With You Oud Eau de Parfum for Men 3.4 Oz / 100ml,84.99,US,3.0,7.0,2024-05-24 02:24:38,"California, Hong Kong",594.93,10.0
CHANEL,BLEU de CHANEL Paris Parfum Pour Homme 100ml 3.4oz New Sealed AS IS,112.49,US,5.0,15.0,2024-05-23 09:40:55,"Lake Zurich, Illinois, United States",1687.35,20.0
Carolina Herrera,"Bad Boy Cobalt by Carolina Herrera, .33 oz EDP Electrique for Men",22.79,US,8.0,7.0,2024-05-24 07:55:54,"Edison, New Jersey, United States",159.53,15.0
HERMÈS,Terre D'Hermes By Hermes EDT for Men 1.7 oz / 50 ml *NEW IN SEALED BOX*,52.99,US,10.0,117.0,2024-04-15 10:18:57,"Miami, Florida, United States",6199.83,127.0
Unbranded,Hawas for him Eau De Parfum By Rasasi 100ml 3.4 FL OZ NEW,21.99,US,10.0,2.0,2024-05-23 20:05:17,"Shenzhen, China",43.98,12.0
Armaf,Armaf Club de Nuit Precieux 1 Extrait de Parfum 1.8oz/55ml | New Launch | Sealed,125.0,US,10.0,2.0,,"Houston, Texas, United States",250.0,12.0
Abercrombie & Fitch,Abercrombie & Fitch Fierce 6.7 Fl oz Eau de Cologne Spray Men's New & Sealed,43.49,US,2.0,3.0,2024-05-24 03:25:20,"Dunedin, Florida, United States",130.47,5.0
Bentley,Bentley Men's Black Edition EDP Spray 3.4 oz (Tester) Fragrances 7640171190938,23.49,US,3.0,6.0,2024-05-22 19:20:44,"Brooklyn, New York, United States",140.94,9.0
Azzaro,Azzaro Chrome PARFUM Spray for Men 3.3 oz. Launched in 2023. New in Sealed Box.,44.0,US,10.0,83.0,2024-05-23 05:27:24,"Katy, Texas, United States",3652.0,93.0
Maison Francis Kurkdjian,Maison Francis Kurkdjian Amyris Homme 2.4oz Eau de Toilette,140.0,US,24.0,6.0,2024-05-20 12:54:11,"San Francisco, California, United States",840.0,30.0
Paco Rabanne,One Million Royal by Paco Rabanne 1 Million Royal Cologne for Men 3.4 oz,74.99,US,2.0,60.0,2024-05-23 02:25:57,"California or Hong Kong, Hong Kong",4499.4,62.0
Lattafa,Alpine Homme Sport EDP For Men By Maison Alhambra Lattafa 100 ML Free shipping,26.99,US,9.0,75.0,2024-05-18 16:44:20,"Bethpage, New York, United States",2024.2499999999998,84.0
Ralph Lauren,Polo Blue by Ralph Lauren 4.2 oz EDP Parfum Cologne for Men Brand New In Box,52.97,US,0.0,1683.0,2024-05-24 08:14:55,"Hackensack, New Jersey, United States",89148.51,1683.0
Armaf,Tres Nuit Lyric by Armaf cologne for men EDP 3.3 / 3.4 oz New in Box,22.61,US,52.0,619.0,2024-05-24 06:34:10,"Dallas, Texas, United States",13995.59,671.0
Giorgio Armani,Giorgio Armani Armani Code Profumo 3.7oz / 110ml Men's PARFUM Spray NEW & SEALED,72.99,US,6.0,235.0,2024-05-24 05:51:04,"Farmington, Michigan, United States",17152.649999999998,241.0
Fragrance World,Fragrance World Men's Imperium EDP Spray 3.4 oz Fragrances 6291108326763,27.99,US,3.0,1.0,2024-05-23 19:57:55,"Brooklyn, New York, United States",27.99,4.0
Paco Rabanne,Invictus Victory Paco Rabanne Made Stronger With Pheromones For Sexual Allure!,17.98,US,10.0,50.0,2024-05-22 13:09:58,"Austell, Georgia, United States",899.0,60.0
Jean Paul Gaultier,Jean Paul Gaultier Le Beau Le Parfum Eau De Parfum Intense 4.2 oz 125 ml Cologne,169.0,US,0.0,0.0,,"Winter Haven, Florida, United States",0.0,0.0
Bath & Body Works,X1 Bath & Body Works Men's Collection Cologne for Men 3.4 oz Full Sz CHOOSE ONE,27.94,US,0.0,717.0,2024-05-23 22:18:49,"Modesto, California, United States",20032.98,717.0
Jean Paul Gaultier,Jean Paul Gaultier Le Beau Le Parfum Intense Sample Spray Vials 1.5ml / 0.05oz,12.95,US,10.0,594.0,2024-05-18 19:20:42,"Pearland, Texas, United States",7692.299999999999,604.0
Lattafa,Lattafa Perfumes Fakhar Men EDP - spray Eau de Parfum 100ML (3.4 ounce),23.99,US,10.0,10.0,2024-05-23 18:07:56,"New York, New York, United States",239.89999999999998,20.0
Yves Saint Laurent,YSL Yves Saint Laurent MYSLF EDP Spray 10ml / 0.33oz MYSELF NEW in BOX,24.99,US,12.0,6.0,2024-05-23 15:09:18,"Seattle, Washington, United States",149.94,18.0
Bvlgari,Bvlgari Aqva Marine Cologne Pour Homme by Bvlgari 3.4 oz EDT Spray for Men  NEW,49.99,US,2.0,3.0,2024-05-24 06:45:32,"HK, Hong Kong",149.97,5.0
Azzaro,Azzaro Pour Homme by Azzaro 3.4 oz EDT Cologne for Men 3.3 100 ml New In Box,26.0,US,92.0,1337.0,2024-05-24 07:41:09,"Dallas, Texas, United States",34762.0,1429.0
Giorgio Armani,"Armani Code by Giorgio Armani, 4.2 oz Parfum Spray for Men",90.44,US,0.0,1.0,2024-05-24 00:10:31,"New York, New York, United States",90.44,1.0
Allsaints,AllSaints collection Travel Set 0.5oz/15ml X3 sunset riot concrete rain flora m,47.99,US,10.0,13.0,2024-03-16 18:36:03,"Salem, Virginia, United States",623.87,23.0
As shown,Replica Jazz Club by Maison Margiela 3.4 oz EDT Spray for Men New With Box 100ml,40.99,US,10.0,17.0,2024-05-08 01:44:16,"Nevada/California, USA, Hong Kong, Hong Kong",696.83,27.0
Dolce&Gabbana,Dolce Gabbana Light Blue Men 4.2 oz / 125 mL EDT Spray New & Sealed,33.99,US,10.0,573.0,2024-05-24 08:09:37,"Detroit, Michigan, United States",19476.27,583.0
SECERTMU,New 2024 Sexy Cologne Lure Her Him Long Lasting Pheromone Perfume for Men USA✅,10.99,US,10.0,35.0,2024-05-18 14:48:44,"San Francisco, California, United States",384.65000000000003,45.0
Lacoste,Lacoste Style in Play RED Men 4.2 oz 125 ml Eau De Toilette Spray Same As Photo,47.34,US,4.0,14.0,,"Westminster, California, United States",662.76,18.0
Cologne,"Light Blue by Dolce & Gabbana, 4.2 oz EDT Spray for Men Cologne New & Sealed Box",28.99,US,5.0,111.0,2024-05-23 00:41:58,"Hamtramck, Michigan, United States",3217.89,116.0
Coach,"Coach 4 piece Mens Mini Cologne Set 2 x Coach NY, Blue, Green NIB",34.99,US,10.0,9.0,2024-05-23 21:45:55,"Edison, New Jersey, United States",314.91,19.0
Avon,Avon Black Suede for Men Eau De Toilette Spray - 3.4 Ounce,13.94,US,10.0,66.0,2024-05-24 08:30:22,"Orlando, United States",920.04,76.0
Abercrombie & Fitch,"Abercrombie & Fitch Fierce - Bold 6.7oz Eau de Cologne, New Sealed Box",44.99,US,6.0,38.0,2024-05-22 08:28:58,"Dearborn Heights, Michigan, United States",1709.6200000000001,44.0
Calvin Klein,Obsession Night by CK Calvin Klein 4.0 oz EDT Cologne for Men New In Box,28.02,US,0.0,5377.0,2024-05-23 00:47:54,"Hackensack, New Jersey, United States",150663.54,5377.0
Unbranded,Men's Pheromone-Infused Perfume Cupid Hypnosis Cologne Fragrances Charm Toilette,49.99,US,10.0,45.0,2024-05-21 16:11:07,"Houston, Texas, United States",2249.55,55.0
Yves de Sistelle,THALLIUM by YVES DE SISTELLE Men Cologne 3.3 oz edt 3.4 New in Box,19.75,US,82.0,7253.0,2024-05-21 10:02:07,"Dallas, Texas, United States",143246.75,7335.0
Giorgio Armani,Giorgio Armani Acqua Di Gio 3.4 oz Men's Eau De Toilette Spray Brand New,28.99,US,10.0,10.0,,"College Point, New York, United States",289.9,20.0
Chanel,CHANEL ALLURE HOMME SPORT EDT 1.5ml .05fl oz x 4 SPRAY SAMPLE VIALS,22.0,US,10.0,286.0,2024-01-10 14:19:12,"Albany, New York, United States",6292.0,296.0
HERMÈS,H24 by Hermes EDT for Men 1.7 oz / 50 ml *NEW IN BOX*,39.99,US,10.0,40.0,2024-02-08 10:42:37,"Miami, Florida, United States",1599.6000000000001,50.0
Rasasi,Rasasi Hawas For Men EDP Parfum Spray 3.3 OZ New In Sealed Box,53.99,US,12.0,140.0,2024-05-24 09:23:11,"Melissa, Texas, United States",7558.6,152.0
As Shown,Fahrenheit Eau De Toilette Sprays For Men 3.4 Oz/100 Ml New In Sealed Boxes,49.63,US,10.0,5.0,2024-05-21 17:43:05,"New York, Hong Kong",248.15,15.0
Limited Edition,Armaf Club De Nuit Intense Man Limited Edition 3.6oz Pure Parfum 2023 Packaging,65.5,US,10.0,21.0,2024-05-15 15:52:46,"Houston, Texas, United States",1375.5,31.0
Kenneth Cole Reaction,Kenneth Cole Reaction 3.4 new without box,22.99,US,10.0,31.0,2024-05-17 11:38:55,"Bogota, New Jersey, United States",712.6899999999999,41.0
Armaf,Nomad The Wanderer by Armaf cologne for men EDP 3.3 / 3.4 oz New in Box,36.95,US,36.0,109.0,2024-05-16 09:13:23,"Dallas, Texas, United States",4027.55,145.0
Bond No. 9,Greenwich Village Bond No 9 Handmade Stronger With Pheromones For Sexual Allure!,17.98,US,10.0,12.0,2024-05-16 12:30:51,"Austell, Georgia, United States",215.76,22.0
Unbranded,9 AM Dive EDP Perfume By Afnan 100 ML🥇Super Famous Top Selling Fragrance 9PM,16.99,US,10.0,22.0,2024-05-22 18:38:27,"ShenZhen, China",373.78,32.0
Ralph Lauren,Polo Green by Ralph Lauren 0.5 oz EDT Mini for Men Cologne New In Box,17.34,US,10.0,460.0,2024-05-19 09:13:03,"Hackensack, New Jersey, United States",7976.4,470.0
Unbranded,"Cupid Charm Toilette for Men (Pheromone-Infused),Mens Cologne Fragrances Perfume",13.0,US,7.0,11.0,2024-05-24 07:51:28,"New York, New York, United States",143.0,18.0
Jean Paul Gaultier,Jean Paul Gaultier Le Beau 4.2 oz. Eau de Toilette Spray for Men New NO BOX,114.99,US,10.0,539.0,2024-05-23 22:43:23,"Katy, Texas, United States",61979.61,549.0
Armaf,Armaf Club De Nuit Sillage 1.0 oz / 30ml Eau De Parfum Spray | Unisex | Sealed |,29.99,US,3.0,7.0,2024-05-17 11:19:13,"Houston, Texas, United States",209.92999999999998,10.0
Afnan,Afnan Men's Penthouse Ginza EDP Spray 3.4 oz Fragrances 6290171010487,19.73,US,3.0,5.0,2024-05-23 05:27:01,"Brooklyn, New York, United States",98.65,8.0
Acqua di Parma,Acqua di Parma Colonia by Acqua di Parma 3.4 oz EDC Cologne for Men New In Box,69.97,US,5.0,244.0,2024-05-22 23:22:50,"Hackensack, New Jersey, United States",17072.68,249.0
Lacoste,Lacoste Essential Eau De Toilette Pour Homme ~ 4.2 FL OZ ~ Sealed ~ AUTHENTIC,31.95,US,10.0,12.0,2024-05-15 07:37:26,"Oneida, Tennessee, United States",383.4,22.0
Burberry,Burberry Hero 3.3 oz Eau de Toilette Cologne for Men EDT Spray 100ml New In Box,59.99,US,8.0,39.0,2024-05-19 22:59:41,"Midway City, California, Hong Kong",2339.61,47.0
AS SHOWN,Sauvage Eau De Parfum Spray 3.4 oz/100 ml For Men New In Box,69.99,US,4.0,11.0,2024-04-21 19:30:34,"Hong Kong, Hong Kong",769.89,15.0
AS PHOTOS,New Carolina-Herrera 212 NYC Men Eau De Toilette 3.4 oz/ 100 ml,34.68,US,8.0,2.0,,"Austin, Texas, United States",69.36,10.0
Armaf,Armaf Club De Nuit Intense 5.07oz / 150ml Pure Parfum | Brand New | Sealed,56.95,US,10.0,700.0,2024-05-17 11:39:38,"Houston, Texas, United States",39865.0,710.0
Ralph Lauren,Ralph Lauren Polo Green 4oz EDT Men's Cologne New in Box,36.99,US,6.0,39.0,2024-05-24 09:46:54,"Dearborn Heights, Michigan, United States",1442.6100000000001,45.0
GUERLAIN PARIS,EAU DE COLOGNE IMPERIALE by GUERLAIN | Men’s 100 ml/3.4 FL OZ | AS PICTURE SHOWN,100.0,US,3.0,1.0,2024-05-18 02:04:20,"Graham, Washington, United States",100.0,4.0
As Show,YSL Yves Saint Laurent Y Eau de Perfume Spray Cologne For Men 3.3 oz 100ML,39.99,US,8.0,10.0,2024-05-19 18:09:04,"Dayton,New Jersey, Hong Kong",399.90000000000003,18.0
Cologne,NEW BLEU PARFUM de Blue for Men 3.4oz / 100ml EAU DE Cologne Spray IN BOX,88.0,US,5.0,5.0,2024-05-23 22:52:22,"South San Francisco, California, United States",440.0,10.0
Al Haramain,Al Haramain Men's L'Aventure EDP Spray 6.76 oz (Tester) Fragrances 6291100132980,38.53,US,3.0,12.0,2024-05-22 05:56:33,"Brooklyn, New York, United States",462.36,15.0
Unbranded,"3 bottles*Men's parfum Bundle* , &- Brand New, Smells Amazing",25.99,US,10.0,38.0,2024-03-09 18:25:15,"Spring Hill, Florida, United States",987.6199999999999,48.0
Givenchy,Gentlemen Only by Givenchy  3.3oz EDT  Men's Cologne New Tester,39.95,US,13.0,178.0,2024-05-21 13:41:28,"Fort Lauderdale, Florida, United States",7111.1,191.0
Montblanc,Mont Blanc Explorer 6.7 oz EDP Cologne for Men New In Box,62.08,US,0.0,950.0,2024-05-22 06:00:02,"Hackensack, New Jersey, United States",58976.0,950.0
Dossier,Dossier Spicy Vetiver Eau de Parfum. Size: 50ml / 1.7oz,20.0,US,10.0,16.0,2024-04-12 21:26:05,"Los Angeles, California, United States",320.0,26.0
Ralph Lauren,Polo Deep Blue by Ralph Lauren 4.2 oz Parfum Cologne for Men New In Box,53.98,US,0.0,869.0,2024-05-24 03:56:56,"Hackensack, New Jersey, United States",46908.619999999995,869.0
Giorgio Armani,Acqua Di Gio by Giorgio Armani 6.7 / 6.8 oz EDT Cologne for Men New In Box,51.99,US,8.0,111.0,2024-05-18 03:34:53,"Thomasville, Alabama, United States",5770.89,119.0
Parfums de Marly,"Parfums de Marly Layton by Parfums de Marly, 2.5 oz EDP Spray men",155.65,US,10.0,593.0,2024-05-24 07:56:19,"Edison, New Jersey, United States",92300.45,603.0
Abercrombie & Fitch,Abercrombie & Fitch Fierce 1.7 oz EAU DE COLOGNE MEN - NEW - FREE SHIP-AUTHENTIC,24.99,US,10.0,18.0,2024-05-14 13:19:07,"Schenectady, New York, United States",449.82,28.0
HERMÈS,Terre D'hermes by Hermes 6.7 oz EDT Cologne for Men New In Box,99.98,US,10.0,740.0,2024-05-22 11:52:44,"Hackensack, New Jersey, United States",73985.2,750.0
Carolina Herrera,"Bad Boy Cobalt by Carolina Herrera, 3.4 oz EDP Spray for Men",88.65,US,10.0,40.0,2024-05-23 11:43:18,"Edison, New Jersey, United States",3546.0,50.0
Carolina Herrera,CH Men Prive by Carolina Herrera 3.4 oz / 100 ml Edt spy cologne for men homme,153.0,US,10.0,23.0,2024-05-17 09:38:12,"Lynwood, California, United States",3519.0,33.0
Roja Parfums,Roja Danger by Roja Parfums Extrait De Parfum 3.4 oz EDP Spray Men's New in Box,79.99,US,7.0,13.0,2024-05-21 07:11:45,"HongKong, Hong Kong",1039.87,20.0
Narciso Rodriguez,Bleu Noir by Narciso Rodriguez 3.3 3.4 oz EDP Cologne for Men New In Box,59.09,US,10.0,432.0,2024-05-21 20:17:38,"Hackensack, New Jersey, United States",25526.88,442.0
Burberry,"Burberry HERO For Men Eau de Toilette EDT Sample Spray .05oz, 1.5ml",7.95,US,5.0,254.0,2024-05-24 00:33:04,"Phillipsburg, New Jersey, United States",2019.3,259.0
Roja,Scandal by Roja Parfums 3.4 oz Eau De Parfum Cologne Spray for Men New in Box,109.99,US,8.0,26.0,2024-05-04 05:57:21,"Rowland Heights, California, United States",2859.74,34.0
Paco Rabanne,Paco Rabanne Men's 1 Million Royal Parfum Spray 1.7 oz Fragrances 3349668617043,68.61,US,3.0,10.0,2024-05-23 13:26:47,"Brooklyn, New York, United States",686.1,13.0
Davidoff,Davidoff Cool Water All Over Body Spray 5 Oz / 150 ML NEW Damaged Can,12.49,US,7.0,17.0,2024-05-15 11:28:53,"Princeton, New Jersey, United States",212.33,24.0
Emporio Armani,Emporio Armani Stronger With You by Giorgio Armani 3.4 oz Cologne for Men NIB,71.98,US,0.0,1333.0,2024-05-21 15:07:29,"Hackensack, New Jersey, United States",95949.34000000001,1333.0
Yves Saint Laurent,La Nuit De L'homme by Yves Saint Laurent YSL Cologne Men 3.3 3.4 oz New In Box,70.65,US,0.0,4802.0,2024-05-24 07:41:02,"Hackensack, New Jersey, United States",339261.30000000005,4802.0
Topshelf,Topshelf Love Bombed- Pheromone Cologne for Men Attraction & Confidence (50 ml),139.99,US,10.0,4.0,2024-05-10 21:53:08,"Houston, Texas, United States",559.96,14.0
Carolina Herrera,212 MEN Carolina Herrera 3.4 oz EDT Cologne New Sealed,39.99,US,10.0,52.0,2024-05-21 06:41:06,"Dexter, Michigan, United States",2079.48,62.0
Jean Paul Gaultier,Jean Paul Gaultier Le Male Cologne EDT 4.2oz Iconic Masculine Fragrance Allure,48.99,US,10.0,30.0,2024-05-24 07:13:17,"Detroit, Michigan, United States",1469.7,40.0
Polo Ralph Lauren,Polo Blue by Ralph Lauren 4.2oz Men's Eau de Toilette Spray EDT New & Sealed Box,33.99,US,8.0,89.0,2024-05-24 05:53:37,"Fenton, Michigan, United States",3025.11,97.0
Versace,Versace Dylan Blue pour homme cologne for men EDT 6.7 oz 6.8 New in Box,66.39,US,62.0,1819.0,2024-05-24 10:12:08,"Dallas, Texas, United States",120763.41,1881.0
Davidoff,Cool Water by Davidoff 4.2 oz EDT Cologne for Men New In Box,26.9,US,10.0,264.0,2024-05-18 10:55:29,"Centralia, Washington, United States",7101.599999999999,274.0
Paco Rabanne,Invictus Paco Rabanne Made Stronger With Pheromones For Super Sexy Scent Trails!,16.48,US,10.0,16.0,2024-05-16 16:30:41,"Austell, Georgia, United States",263.68,26.0
Armaf,ARMAF CLUB DE NUIT INTENSE + MILESTONE + SILLAGE 1.0 oz 3PC SET + FREE SAMPLE,65.0,US,10.0,485.0,2024-05-17 11:37:19,"Houston, Texas, United States",31525.0,495.0
Carolina Herrera,Carolina Herrera 212 NYC Men's EDT 3.4 oz | Eau de Toilette Spray,39.99,US,10.0,19.0,2024-05-10 10:59:33,"Detroit, Michigan, United States",759.8100000000001,29.0
Myrurgia,YACHT MAN DENSE by Myrurgia cologne EDT 3.3 / 3.4 oz New in Box,9.21,US,202.0,3093.0,2024-05-02 01:30:50,"Dallas, Texas, United States",28486.530000000002,3295.0
Brut,Brut Original EDT Cologne for Men 3.4 oz Brand New In Box,13.89,US,9.0,48.0,2024-05-22 11:57:53,"Hackensack, New Jersey, United States",666.72,57.0
Armaf,Odyssey Mandarin Sky Limited Edition EDP Perfume By Armaf 100ML🥇Top Fragrance🥇,45.0,US,10.0,150.0,2024-05-15 15:14:22,"San Diego, California, United States",6750.0,160.0
Calvin Klein,CK ONE BY CALVIN KLEIN 3.4/3.3 OZ EDT SPRAY FOR UNISEX NEW IN NO BOX SAME AS PIC,21.95,US,3.0,189.0,2024-04-23 19:35:29,"New York, New York, United States",4148.55,192.0
Penhaligon's,Portraits The Tragedy of Lord George By Penhaligon's EDP Spray 2.5oz/75ml,71.99,US,5.0,3.0,2024-05-21 00:10:23,"NewYork, Hong Kong",215.96999999999997,8.0
Ed Hardy,Ed Hardy Hearts & Daggers 3.4 oz edt Cologne Spray for Men New in Box,20.25,US,311.0,6633.0,2024-05-23 14:38:05,"Dallas, Texas, United States",134318.25,6944.0
Paco Rabanne,1 Million Men Cologne Handmade Stronger With Pheromones For Sexual Attraction!,17.98,US,10.0,4.0,2024-05-15 17:31:27,"Austell, Georgia, United States",71.92,14.0
Tommy Hilfiger,TOMMY by TOMMY HILFIGER Cologne for Men 0.5 oz Eau de Toilette Spray NEW AS PIC,9.95,US,5.0,269.0,2024-05-21 05:43:41," Beauty Maxima, United States, United States",2676.5499999999997,274.0
Hollister,Hollister Jake Cologne Eau De Cologne 1.7 Oz/50 ml Ne🦋 Sealed Men,28.97,US,9.0,12.0,,"Chesapeake, Virginia, United States",347.64,21.0
J. Del Pozo,Halloween Man Hero by Jesus Del Pozo cologne EDT 4.2 oz New in Box,28.11,US,7.0,542.0,2024-05-24 08:33:10,"Dallas, Texas, United States",15235.619999999999,549.0
FM,New Frederic Malle CARNAL FLOWER Dominique Ropion MINI Travel Spray .12oz/3.5ml,16.85,US,4.0,16.0,2024-05-20 06:43:11,"Nashua, New Hampshire, United States",269.6,20.0
Valentino,Valentino Uomo Born In Roma Coral Fantasy 3.4 oz EDT Cologne New In Box,103.98,US,0.0,350.0,2024-05-22 16:56:40,"Hackensack, New Jersey, United States",36393.0,350.0
Coach,Coach Green by Coach cologne for men EDT 3.3 /3.4  oz New Tester,39.99,US,13.0,35.0,2024-05-24 06:43:00,"Melissa, Texas, United States",1399.65,48.0
Dior,DIOR HOMME COLOGNE EAU DE TOILETTE SPRAY 4.2 OZ / 125ML - READ DETAILS,89.99,US,7.0,129.0,2024-05-22 09:17:01,"Union, New Jersey, United States",11608.71,136.0
Paco Rabanne,Paco Rabanne Invictus Legend 5.1 FL OZ / 150 ML EAU DE PARFUM SPRAY - RARE ITEM,140.0,US,0.0,2.0,,"Franklin Square, New York, United States",280.0,2.0
HUGO BOSS,Boss Bottled Infinite By Hugo Boss EDP For Men 3.3 oz / 100 ml *NEW*,52.99,US,0.0,7.0,,"Miami, Florida, United States",370.93,7.0
Paris Hilton,PARIS HILTON edt Cologne Spray 3.4 oz 3.3 Men New in RETAIL Box,25.49,US,16.0,2093.0,2024-05-13 19:01:09,"Dallas, Texas, United States",53350.57,2109.0
Dolce&Gabbana,Dolce & Gabbana Pour Homme 4.2 oz D&G Cologne for Men Tester with Cap,33.37,US,5.0,400.0,2024-05-23 11:42:30,"Hackensack, New Jersey, United States",13347.999999999998,405.0
Paco Rabanne,Invictus by Paco Rabanne 6.8 oz. Eau de Toilette Spray for Men. New. NO BOX,64.99,US,10.0,313.0,2024-05-24 01:41:58,"Katy, Texas, United States",20341.87,323.0
Giorgio Armani,Armani Code By Giorgio Armani 4.2 oz Mens Eau de Toilette Spray NEW & SEALED BOX,39.99,US,8.0,26.0,2024-05-23 10:39:37,"Sterrett, Alabama, United States",1039.74,34.0
Kenneth Cole,KENNETH COLE BLACK Cologne for Men 3.4 oz EDT Spray New in Box,24.15,US,10.0,14.0,,"Miami, Florida, United States",338.09999999999997,24.0
Unbranded,Armaf Club de Nuit ICONIC 3.6 fl.oz Eau de Parfum | Armaf's Exclusive New Launch,35.99,US,5.0,27.0,2024-05-23 20:05:31,"Shenzhen, China",971.73,32.0
Calvin Klein,Ck One by Calvin Klein Cologne Perfume Unisex 3.4 oz New In Box US STOCK,21.27,US,10.0,30.0,2024-05-09 20:48:12,"Rowland Heights, California, United States",638.1,40.0
John Varvatos,John Varvatos Oud 4.1/4.1 oz Eau De Parfum 100 ml Spray For Men,79.99,US,10.0,17.0,2024-05-10 17:42:19,"El Cajon, California, United States",1359.83,27.0
Dolce&Gabbana,Dolce & Gabbana Light Blue Men Cologne EDT 4.2oz Crisp Oceanic Scent Breeze,29.99,US,6.0,10.0,2024-05-24 07:13:43,"Detroit, Michigan, United States",299.9,16.0
Giorgio Armani,Giorgio Armani Code Men 4.2oz EDT Designer Fragrance Spray Elegant Sealed New,38.25,US,5.0,8.0,2024-05-23 07:48:48,"Romulus, Michigan, United States",306.0,13.0
As Show,Fahrenheit Eau De Toilette 3.4 oz/100 ml EDT Cologne Spray for Men New in Box,49.99,US,20.0,15.0,2024-05-24 02:29:59,"Dayton,New Jersey, Hong Kong",749.85,35.0
Heaven Scents,Taj Perfume 100 ML by Heaven Scents Arabian Fragrance made in Dubai  Perfuma,139.99,US,4.0,46.0,2024-05-11 15:09:30,"Bridgeview, Illinois, United States",6439.540000000001,50.0
Abercrombie & Fitch,Fierce By Abercrombie & Fitch 6.7oz/200ml Men's Eau De Cologne Brand New ~Sealed,49.49,US,10.0,463.0,2024-05-23 08:07:45,"Detroit, Michigan, United States",22913.870000000003,473.0
Sean John,Sean John I Am King EDT Cologne Spray for Men 3.4 oz - New in Box,24.99,US,10.0,116.0,2024-05-24 04:29:16,"Miami, Florida, United States",2898.8399999999997,126.0
Ralph Lauren,Polo Cologne Intense by Ralph Lauren for men EDC 8.0 oz New in Box,53.99,US,129.0,229.0,2024-05-24 06:09:16,"Dallas, Texas, United States",12363.710000000001,358.0
Gucci,Gucci Guilty Pour Homme by Gucci cologne EDP 3.0 oz New Tester,68.99,US,8.0,248.0,2024-05-17 12:14:48,"Dallas, Texas, United States",17109.52,256.0
Coach,Coach Blue 3.3 oz EDT eau de toilette spray Mens Cologne 100 ml NEW Tester,29.99,US,10.0,286.0,2024-05-15 11:50:00,"Edison, New Jersey, United States",8577.14,296.0
SECERTMU,"50ML Savagery Pheromone Men Perfume, Pheromone Cologne for Men Attract Women",11.99,US,10.0,51.0,2024-05-18 15:24:03,"Los Angeles, California, United States",611.49,61.0
Coach,Coach Green by Coach cologne for men EDT 3.3 /3.4  oz New Tester,41.99,US,15.0,248.0,2024-05-24 07:21:29,"Dallas, Texas, United States",10413.52,263.0
Yves Saint Laurent,Yves Saint Laurent L'Homme 3.3 oz Men's Eau de Parfum,84.59,US,3.0,19.0,2024-05-23 22:26:34,"Brooklyn, New York, United States",1607.21,22.0
Valentino,Valentino Uomo Born In Roma 3.4.Oz /100ML Eau De Toilette Spray for Men,75.99,US,2.0,8.0,2024-05-24 00:48:30,"Walnut, California, Hong Kong",607.92,10.0
Carolina Herrera,212 MEN NYC by Carolina Herrera 3.4 fl oz EDT Cologne for Men New in Box,39.99,US,10.0,207.0,2024-05-23 08:07:32,"Lincoln Park, Michigan, United States",8277.93,217.0
HERMÈS,Terre D'Hermes by Hermes cologne for men EDT 3.3 / 3.4 oz New in Box,64.88,US,16.0,292.0,2024-05-20 18:27:48,"Dallas, Texas, United States",18944.96,308.0
Paco Rabanne,Paco Rabanne 1 Million 3.4 oz Men's EDT Bold Signature Scent New,49.99,US,5.0,21.0,2024-05-18 08:34:44,"Macomb, Michigan, United States",1049.79,26.0
Tommy Bahama,Maritime Deep Blue by Tommy Bahama 4.2 oz Cologne for Men New in Box,32.62,US,10.0,242.0,2024-05-23 09:27:28,"Hackensack, New Jersey, United States",7894.039999999999,252.0
Polo Ralph Lauren,Polo Ralph Lauren 4.0 oz Cologne Intense Spray for Men 118 ml NIB,37.59,US,10.0,78.0,2024-04-12 09:33:58,"Edison, New Jersey, United States",2932.0200000000004,88.0
Ralph Lauren,Polo Red by Ralph Lauren 4.2 oz EDT Cologne for Men Brand New,29.46,US,10.0,43.0,2024-05-22 10:10:03,"Hackensack, New Jersey, United States",1266.78,53.0
Karl Lagerfeld,Lagerfeld Classic by Lagerfeld 5 oz EDT Cologne for Men New In Box,25.1,US,0.0,5076.0,2024-05-22 18:19:59,"Hackensack, New Jersey, United States",127407.6,5076.0
Giorgio Armani,Giorgio Armani Aqua Di Gio Men's 3.4 oz EDT Classic Scent Brand New,29.99,US,9.0,6.0,2024-05-24 05:51:42,"Warren, Michigan, United States",179.94,15.0
Ralph Lauren,Polo Blue by Ralph Lauren Cologne for Men 4.2 oz Brand New,31.99,US,9.0,35.0,2024-05-24 02:00:07,"Hackensack, New Jersey, United States",1119.6499999999999,44.0
Lacoste,L'homme Lacoste Intense by Lacoste cologne EDT 3.3 / 3.4 oz New in Box,32.5,US,40.0,634.0,2024-05-10 10:21:09,"Dallas, Texas, United States",20605.0,674.0
Giorgio Armani,Armani Acqua Di Gio 6.7 oz Men's EDT Iconic Aquatic Fragrance Sealed,48.95,US,6.0,40.0,2024-05-22 10:16:51,"Fourmile, Kentucky, United States",1958.0,46.0
Paco Rabanne,Phantom by Paco Rabanne 5.1 oz EDT Refillable Cologne for Men Brand New In Box,84.6,US,0.0,111.0,2024-05-22 11:53:06,"Hackensack, New Jersey, United States",9390.599999999999,111.0
Lalique,Lalique Pour Homme Lion / Lalique EDP Spray 4.2 oz (m),27.25,US,3.0,24.0,2024-05-22 11:50:35,"Brooklyn, New York, United States",654.0,27.0
Giorgio Armani,Giorgio Armani Acqua Di Gio 3.4 oz Men's Eau de Toilette Spray brand new.,27.5,US,3.0,18.0,2024-05-22 12:46:11,"Warren, Michigan, United States",495.0,21.0
Afnan,Afnan Men's Modest Une Pour Homme EDP Spray 3.4 oz Fragrances 6290171001966,24.43,US,3.0,16.0,2024-05-23 09:08:51,"Brooklyn, New York, United States",390.88,19.0
Giorgio Armani,Giorgio Armani Acqua Di Gio Parfum 4.2 oz / 125 ml Refillable Spray For Men,128.99,US,10.0,9.0,2024-05-21 16:16:24,"New York, New York, United States",1160.91,19.0
Guy Laroche,"Drakkar Noir by Guy Laroche, 2.6oz Intense Cooling Deodorant Stick Men",15.95,US,10.0,257.0,2024-03-24 07:42:00,"Hicksville, New York, United States",4099.15,267.0
Viktor & Rolf,Spicebomb Night Vision by Viktor & Rolf cologne men EDT 3 / 3.0 oz New in Box,68.99,US,7.0,27.0,2024-05-22 10:04:40,"Melissa, Texas, United States",1862.7299999999998,34.0
Zara,ZARA Sunrise On The Red Sand Dunes (Mylene Alran) 3.4oz (100ml) EDP Spray SEALED,58.95,US,5.0,12.0,2024-05-23 21:06:08,"Englewood, New Jersey, United States",707.4000000000001,17.0
Armaf,Armaf Odyssey Mandarin Sky Eau de Parfum for Men 3.4 Oz / 100ml,33.99,US,22.0,2.0,2024-05-19 18:24:26,"Miami, Florida, United States",67.98,24.0
Milestone Perfumes,Intimation By Milestone Eau de Parfum 3.4 oz Men,34.99,US,8.0,4.0,,"Virginia Beach, Virginia, United States",139.96,12.0
ISSEY MIYAKE,L'Eau D'Issey by Issey Miyake Pour Homme Eau De Toilette ~ 2.5 FL OZ ~ Sealed,26.95,US,4.0,5.0,,"Oneida, Tennessee, United States",134.75,9.0
KENZO,Kenzo Homme 3.7 oz/ 110 ml Eau de Toilette Intense Spray for Men. New Sealed Box,47.99,US,10.0,165.0,2024-05-24 08:20:39,"Katy, Texas, United States",7918.35,175.0
Mercedes-Benz,Mercedes-Benz Men's Mercedes-Benz Club Black EDT 3.4 oz Fragrances 3595471041197,49.81,US,3.0,15.0,2024-05-22 20:56:36,"Brooklyn, New York, United States",747.1500000000001,18.0
As Show,Eros Eau de Toilette Spray 3.4 oz EDP Cologne for Men New In Box,35.99,US,10.0,46.0,2024-05-23 17:33:21,"New York,United States, Taiwan",1655.5400000000002,56.0
Armaf,Club De Nuit Intense (Limited Edition) Armaf men Pure Parfum 3.6 oz New in Box,62.99,US,3.0,61.0,2024-05-23 00:04:13,"Melissa, Texas, United States",3842.3900000000003,64.0
Yves Saint Laurent,YSL Y L'ELIXIR Parfum Concentre 10ml/.33 TRAVEL SPRAY Men YVES SAINT LAURENT NEW,25.95,US,10.0,2.0,2024-05-22 18:23:16,"Sammamish, Washington, United States",51.9,12.0
Lalique,Encre Noire A Lextreme / Lalique EDP Spray 3.3 oz (100 ml) (m),28.19,US,3.0,10.0,2024-05-21 15:32:31,"Brooklyn, New York, United States",281.90000000000003,13.0
Liz Claiborne,Curve Wave Cologne for Men by Liz Claiborne 4.2 oz New in Box / Can,17.02,US,73.0,3823.0,2024-05-09 16:02:55,"Dallas, Texas, United States",65067.46,3896.0
Givenchy,Givenchy PI by Givenchy Eau de Toilette for Men 3.3 oz / 100 ml *NEW SEALED BOX*,44.99,US,10.0,32.0,2024-05-08 10:32:03,"Miami, Florida, United States",1439.68,42.0
Unbranded,Men's Perfume-Cupid Hypnosis Pheromone-Infused Cologne Fragrances Charm Toilette,15.99,US,10.0,136.0,2024-05-23 14:39:34,"Houston, Texas, United States",2174.64,146.0
Calvin Klein,Calvin Klein Euphoria Men 3.3 oz After Shave 100 ml NIB,23.79,US,5.0,83.0,2024-05-23 15:45:55,"Edison, New Jersey, United States",1974.57,88.0
Giorgio Armani,Armani Acqua Di Gio for Men 2 Piece Set 3.4 oz EDT + Deodorant *NEW IN BOX*,54.99,US,10.0,384.0,2024-03-27 09:01:18,"Miami, Florida, United States",21116.16,394.0
Paco Rabanne,Paco Rabanne Men's Ultrared EDT Spray 3.4 oz Fragrances 3349666005972,36.65,US,3.0,11.0,2024-05-23 10:20:53,"Brooklyn, New York, United States",403.15,14.0
John Varvatos,JOHN VARVATOS 4.2 oz EDT Cologne for Men New In Box Sealed,33.36,US,4.0,453.0,2024-05-20 20:52:08,"Dallas, Texas, United States",15112.08,457.0
Ralph Lauren,SAFARI by RALPH LAUREN Cologne for Men EDT 4.2 oz New In Box,54.52,US,51.0,143.0,2024-05-23 08:22:12,"Dallas, Texas, United States",7796.360000000001,194.0
Moschino,Uomo Moschino by Moschino 4.2 oz EDT Cologne for Men New In Box,22.87,US,74.0,440.0,2024-05-22 09:09:10,"Dallas, Texas, United States",10062.800000000001,514.0
Giorgio Armani,Giorgio Armani Acqua di Gio Profumo 4.2 oz EDC Cologne for Men Spray New IN Box,129.99,US,0.0,14.0,2024-05-23 02:25:32,"California or Hong Kong, Hong Kong",1819.8600000000001,14.0
Ralph Lauren,Polo Green by Ralph Lauren 8 / 8.0 oz EDT Cologne for Men New In Box,72.56,US,10.0,3171.0,2024-05-23 04:38:13,"Hackensack, New Jersey, United States",230087.76,3181.0
Azzaro,Azzaro Sport by Azzaro cologne for men EDT 3.38 oz New in Box,18.96,US,0.0,1034.0,2024-05-20 22:52:48,"Dallas, Texas, United States",19604.64,1034.0
Coty,PLAYBOY HOLLYWOOD Cologne by Coty 3.4 oz Eau de Toilette Spray for Men NEW INBOX,9.99,US,7.0,103.0,2024-05-23 12:45:56,"TX, United States",1028.97,110.0
Dior,Eau Sauvage by Christian Dior cologne for men EDT 3.3 / 3.4 oz UNBOXED AS IMAGED,67.99,US,5.0,28.0,2024-04-30 19:09:09,"Princeton Junction, New Jersey, United States",1903.7199999999998,33.0
Franck Olivier,Franck Olivier Men's Night Touch EDT 3.4 oz Fragrances 3516642117114,17.85,US,3.0,6.0,2024-05-23 20:14:23,"Brooklyn, New York, United States",107.10000000000001,9.0
Kenneth Cole,Blue Kenneth Cole Cologne for Men 3.4 oz 3.3 edt Spray New in Box,28.42,US,60.0,731.0,2024-05-19 19:06:00,"Dallas, Texas, United States",20775.02,791.0
Missoni,Missoni Men's Pour Homme EDP Spray 3.4 oz (Tester) Fragrances 8011003841431,30.07,US,3.0,12.0,2024-05-23 20:20:19,"Brooklyn, New York, United States",360.84000000000003,15.0
Halston,Halston Z -14 by Halston Cologne 4.2 oz EDC For Men New tester,15.51,US,113.0,4443.0,2024-05-21 06:22:07,"Dallas, Texas, United States",68910.93,4556.0
Cologne,GIVENCHY POUR HOMME Cologne for Men 3.4 oz / 3.3 oz EDT New in Box,38.94,US,66.0,2247.0,2024-05-24 10:18:06,"Dallas, Texas, United States",87498.18,2313.0
Paco Rabanne,1 Million Parfum by Paco Rabanne Parfum Spray (Tester) 3.4 oz Mens,68.99,US,6.0,59.0,2024-05-23 23:00:53,"Melissa, Texas, United States",4070.41,65.0
Unbranded,Cologne For Men Lot 2 Piece,18.0,US,5.0,3.0,,"Phenix City, Alabama, United States",54.0,8.0
YSL,3.3 oz YSL Yves Saint Laurent Y Eau de Perfume Spray Cologne For Men,49.99,US,10.0,12.0,2024-04-29 17:51:10,"Dayton,New Jersey,USA, Hong Kong",599.88,22.0
PRADA,Prada Luna Rossa Ocean Eau de Toilette 3.3 oz / 100 ml Spray With Box NEW,76.5,US,2.0,8.0,2024-04-26 10:06:31,"Rochester, New York, United States",612.0,10.0
Baron,THE BARON by BARON 4.5 oz EDC For Men New in Box,28.38,US,4.0,1433.0,2024-05-16 20:45:13,"Dallas, Texas, United States",40668.54,1437.0
Paco Rabanne,One Million Golden Oud Parfum Intense By Paco Rabanne Sample 1.5ml New Release,11.95,US,10.0,18.0,2024-05-08 03:13:17,"Pearland, Texas, United States",215.1,28.0
Giorgio Armani,ACQUA DI GIO PROFONDO GIORGIO ARMANI 0.5oz / 15ml  EDP Spray NEW IN SEALED BOX,27.0,US,6.0,5.0,2024-05-19 15:46:01,"McLean, Virginia, United States",135.0,11.0
Liz Claiborne,Bora Bora by Liz Claiborne cologne for men EDC 3.3 / 3.4 oz New in Box,17.29,US,226.0,1370.0,2024-05-24 07:21:08,"Dallas, Texas, United States",23687.3,1596.0
adidas,Adidas Dynamic Pulse Cologne Men 3.4 / 3.3 oz EDT Brand New in Box,11.58,US,10.0,17.0,,"New York, New York, United States",196.86,27.0
PRADA,PRADA Luna Rossa Sport 3.3oz Men's Eau de Toilette - LD008300,79.99,US,5.0,1.0,,"Memphis, Tennessee, United States",79.99,6.0
Armaf,Club De Nuit  By Armaf 3.6/3.4oz./105ml Edp Spray For Women New In Box,28.8,US,10.0,712.0,2024-05-12 16:15:40,"Brooklyn, New York, United States",20505.600000000002,722.0
Gucci,Guilty Pour Homme Eau de Parfum / Gucci EDP Spray 3.0 oz (90 ml) (m),74.25,US,3.0,16.0,2024-05-23 10:32:44,"Brooklyn, New York, United States",1188.0,19.0
PRADA,Prada Luna Rossa Black / Prada EDP Spray 3.4 oz (100 ml) (m),90.45,US,3.0,19.0,2024-05-24 08:32:51,"Brooklyn, New York, United States",1718.55,22.0
Dolce&Gabbana,12 Dolce & Gabbana The One Luminous Night Exclusive Edition Sample Spray 0.8ml,28.95,US,0.0,81.0,2024-05-22 03:59:00,"Pearland, Texas, United States",2344.95,81.0
Guerlain,Heritage by Guerlain 3.4oz/100ml Eau De Toilette Spray for Men New In Box,94.99,US,3.0,24.0,2024-04-14 16:22:25,"Brooklyn, New York, United States",2279.7599999999998,27.0
Kenneth Cole,Black Kenneth Cole Cologne for Men 3.3 / 3.4 oz Brand New In Box,24.14,US,10.0,9265.0,2024-05-24 08:16:12,"Hackensack, New Jersey, United States",223657.1,9275.0
Jaguar,JAGUAR by Jaguar for Men Green Cologne 3.4 oz Spray edt New in Box,15.65,US,93.0,2777.0,2024-05-21 10:00:07,"Dallas, Texas, United States",43460.05,2870.0
Branded,*Perfume Para Hombre Con Feromonas De Atraer Mujeres Fragancia Colonia Masculino,17.99,US,13.0,1.0,,"Multiple Location, United States",17.99,14.0
Giorgio Armani,Giorgio Armani Men's Acqua Di Gio EDP Refillable Spray 4.2 oz Fragrances,79.89,US,3.0,15.0,2024-05-23 09:26:46,"Brooklyn, New York, United States",1198.35,18.0
Parfums de Marly,Parfums De Marly Layton Exclusif Eau de Parfum Sample Spray 1.5ml / 0.05oz,13.95,US,7.0,41.0,2024-05-16 02:46:25,"Pearland, Texas, United States",571.9499999999999,48.0
Giorgio Armani,"Armani Code by Giorgio Armani, 4.2 oz Parfum Spray for Men",94.43,US,10.0,98.0,2024-05-23 15:19:07,"Edison, New Jersey, United States",9254.140000000001,108.0
Liz Claiborne,Curve Crush by Liz Claiborne 4.2 oz Cologne for Men Brand New Tester,16.71,US,83.0,7816.0,2024-05-24 09:42:05,"Dallas, Texas, United States",130605.36,7899.0
Dolce&Gabbana,Dolce & Gabbana Cologne For Men Eau De Toilette Spray 2.5oz./75ml NEW (E2E-1351),27.99,US,10.0,9.0,,"Jersey City, New Jersey, United States",251.91,19.0
Clinique,Clinique Happy For Men Handmade Stronger With Pheromones For Super Sexual Allure,17.98,US,10.0,40.0,2024-05-16 12:30:32,"Austell, Georgia, United States",719.2,50.0
Dolce&Gabbana,Dolce & Gabbana Light Blue Forever Pour Homme 100ml / 3.3 oz EDP Spray Rare,119.99,US,6.0,21.0,2024-05-22 15:48:32,"Sanborn, New York, United States",2519.79,27.0
Acqua Di Gio,Acqua Di Gio By Giorgio Armani EDT for Men 3.4 oz / 100 ml IN SEALED BOX NEW,15.99,US,9.0,78.0,2024-05-23 17:35:17,"New York,United States, Hong Kong",1247.22,87.0
Yves Saint Laurent,Yves Saint Laurent YSL M7 2.7 oz Eau De Toilette 80 ml Spray For Men,75.99,US,10.0,19.0,2024-04-29 19:07:25,"El Cajon, California, United States",1443.81,29.0
Cologne,Ferragamo - Mens Cologne NEW and Wrapped. 3.4 oz  or  1.7 oz EDT Pour Homme,14.99,US,7.0,72.0,2024-05-11 07:37:49,"Cabot, Arkansas, United States",1079.28,79.0
Reyane Tradition,Insurrection II Sport by Reyane Tradition cologne for men EDT 3.0 oz New in Box,25.96,US,0.0,214.0,2024-05-06 21:18:47,"Dallas, Texas, United States",5555.4400000000005,214.0
Reyane Tradition,Insurrection II Wild 3.0 oz By Reyane Tradition Eau De Toilette Men Fragrance,22.99,US,0.0,12.0,2024-05-21 16:52:49,"New York, New York, United States",275.88,12.0
Old Spice,"Old Spice Cologne Spray for Men,Classic Scent,4.25 fl oz Free Shipping Pack Of 2",19.99,US,2.0,132.0,2024-05-23 17:38:31,"Stafford, Texas, United States",2638.68,134.0
Mercedes-Benz,Mercedes Benz Club Black Eau de Toilette for Men 1.7 Oz / 50ml,38.99,US,33.0,7.0,2024-05-20 17:45:18,"Miami, Florida, United States",272.93,40.0
Dolce&Gabbana,DOLCE & GABBANA LIGHT BLUE FOREVER POUR HOMME EAU DE PARFUM SPRAY 50 ML/1.6 OZ.,75.0,US,7.0,1.0,,"Franklin Square, New York, United States",75.0,8.0
Burberry,Burberry Touch EDT 3.4oz Men's Fragrance Spray New Sealed,30.95,US,10.0,16.0,2024-05-21 09:06:31,"Detroit, Michigan, United States",495.2,26.0
Bath & Body Works,Bath & Body Works Men's Collection TEAKWOOD Cologne Spray 3.4 FL Ounce,59.97,US,10.0,35.0,2024-04-12 14:07:41,"Dover, Delaware, United States",2098.95,45.0
Burberry,Burberry London Classic by Burberry 3.3 / 3.4 oz EDT Cologne for Men New In Box,32.98,US,10.0,6188.0,2024-05-23 21:24:43,"Hackensack, New Jersey, United States",204080.24,6198.0
PRADA,OCEAN LUNA ROSSA by Prada Eau de Toilette Carded Sample for MEN .04oz/1.2ml,8.88,US,10.0,21.0,2024-04-12 08:49:37,"Debary, Florida, United States",186.48000000000002,31.0
Dolce&Gabbana,Dolce & Gabbana The One Royal Night Exclusive Edition 100ml/3.3 oz EDP Spray Men,114.99,US,7.0,13.0,2024-05-24 10:00:08,"Sanborn, New York, United States",1494.87,20.0
Mirage Brands,Parfum Azure Noir Intense Men's Cologne 3.4 Oz EDT Perfume Long Lasting,13.68,US,10.0,105.0,2024-05-06 16:50:06,"Cumming, Georgia, United States",1436.3999999999999,115.0
Lauren Ralph Lauren,Ralph's Club by Ralph Lauren cologne for men EDP 3.3 / 3.4 oz New in Box,45.7,US,102.0,420.0,2024-05-23 04:20:02,"Dallas, Texas, United States",19194.0,522.0
Paco Rabanne,Invictus by Paco Rabanne cologne for men EDT 6.8 oz New In Box,77.15,US,8.0,293.0,2024-05-18 21:20:11,"Dallas, Texas, United States",22604.95,301.0
Viktor & Rolf,Viktor & Rolf Spicebomb for Men Eau de Toilette 20 ml 0.68 oz Travel Spray,24.98,US,7.0,8.0,2024-05-24 08:54:56,"New York, New York, United States",199.84,15.0
Milestone Perfumes,Intimation By Milestone Eau de Parfum 3.4 oz Men,19.89,US,10.0,21.0,2024-05-24 10:13:17,"Miami, Florida, United States",417.69,31.0
By Al Hambra,Baroque Rouge Extrait By Maison Alhambra 3.4/3.3 oz Edp Spray Unisex New In Box,21.8,US,10.0,7.0,2024-04-16 13:49:22,"New York, New York, United States",152.6,17.0
Giorgio Armani,Giorgio Armani Acqua Di Gio 3.4 oz Men's Eau de Toilette Spray New Sealed Box,27.9,US,5.0,157.0,2024-05-17 20:51:19,"Hamtramck, Michigan, United States",4380.3,162.0
Yves Saint Laurent,KOUROS by Yves Saint Laurent 3.3 EDT Cologne MEN 3.4 oz YSL New in Box,58.95,US,150.0,545.0,2024-05-24 10:27:08,"Dallas, Texas, United States",32127.75,695.0
Creed,CREED GREEN IRISH TWEED 2.5ML MEN VIAL,9.99,US,10.0,141.0,2024-05-23 14:11:08,"Edison, New Jersey, United States",1408.59,151.0
Yves Saint Laurent,Yves Saint Laurent MYSLF 100ml / 3.3 oz EDP Spray For Men New With Sealed Box,83.99,US,5.0,5.0,2024-05-23 23:59:45,"United States, Hong Kong",419.95,10.0
Unbranded,Hawas for him Eau De Parfum By Rasasi 100ml 3.4 FL OZ HOT,15.89,US,3.0,8.0,2024-05-24 09:08:17,"shanghai, China",127.12,11.0
Carolina Herrera,CH MEN SPORT Carolina Herrera cologne edt 3.4 oz 3.3 NEW TESTER,32.13,US,47.0,85.0,2024-05-13 13:58:55,"Dallas, Texas, United States",2731.05,132.0
Clive Christian,Jump Up And Kiss Me Hedonistic (2021) by Clive Christian 2ml Vial Spray New,13.0,US,3.0,14.0,2024-05-15 22:29:13,"Fort Walton Beach, Florida, United States",182.0,17.0
Tom Ford,"New TOM FORD GREY VETIVER Parfum Sample Spray .05oz, 1.5ml",13.05,US,3.0,9.0,2024-05-15 19:24:33,"Jacksonville, Florida, United States",117.45,12.0
Viktor & Rolf,"Spicebomb Night Vision by Viktor & Rolf, 3 oz EDP Spray for Men",74.92,US,6.0,116.0,2024-05-24 08:50:35,"Edison, New Jersey, United States",8690.72,122.0
Mont Blanc,LEGEND NIGHT by Mont Blanc cologne men EDP 3.3 / 3.4 oz New in Box,35.62,US,47.0,454.0,2024-05-22 13:15:02,"Dallas, Texas, United States",16171.48,501.0
Giorgio Armani,Armani Code By Giorgio Armani EDT for Men 4.2 oz / 125 ml NEW IN SEALED BOX,41.99,US,9.0,132.0,2024-05-24 04:20:12,"Thomasville, Alabama, United States",5542.68,141.0
Abercrombie & Fitch,Abercrombie & Fitch Fierce 6.7 oz 200 ML EAU DE COLOGNE BRAND NEW SEALED BOX,49.99,US,8.0,376.0,2024-05-24 00:02:15,"Warren, Michigan, United States",18796.24,384.0
As Show,A v-entus Eau de Parfum 3.3 oz 100ML Millesime EDP Cologne for Men New In Box,109.99,US,10.0,5.0,2024-05-23 19:11:36,"North York, Ontario, Canada",549.9499999999999,15.0
Rasasi,Brilliant Silver EDP Perfume By Rasasi 100 ML:🥇Hot New Rasasi Premium Line🥇,41.95,US,0.0,7.0,2024-05-20 09:41:59,"Bridgeview, Illinois, United States",293.65000000000003,7.0
Calvin Klein,Ck One by Calvin Klein Cologne Perfume Unisex 3.4 oz New In Box FAST SHIPPING,21.27,US,10.0,112.0,2024-05-23 08:39:28,United States,2382.24,122.0
Armaf,Club de Nuit Intense by Armaf 6.8 oz EDP Cologne for Men New In Box,54.26,US,0.0,2550.0,2024-05-22 06:00:09,"Hackensack, New Jersey, United States",138363.0,2550.0
Maison Alhambra,Glacier Le Noir by Maison Alhambra 3.4oz EDP for Men NEW SEALED CAN,26.5,US,0.0,3.0,2024-05-18 08:01:01,"New York, New York, United States",79.5,3.0
Paco Rabanne,"Paco Rabanne One Million - Distinct 3.4oz Men's EDT Cologne, Sealed",50.99,US,6.0,15.0,2024-05-23 11:00:52,"Dearborn Heights, Michigan, United States",764.85,21.0
Dolce & Gabbana,K by Dolce & Gabbana cologne for men EDP 3.3 / 3.4 oz New Tester,46.15,US,36.0,494.0,2024-05-23 08:46:32,"Dallas, Texas, United States",22798.1,530.0
Dolce&Gabbana,Dolce & Gabbana K (King) Eau de Parfum Intense for Men 3.3 Oz / 100ml,77.99,US,33.0,9.0,2024-04-21 23:06:38,"Miami, Florida, United States",701.91,42.0
Giorgio Armani,Emporio Armani Stronger With You Intensely 3.4 oz EDP Cologne for Men New in Box,110.08,US,0.0,684.0,2024-05-23 04:38:15,"Hackensack, New Jersey, United States",75294.72,684.0
Franck Olivier,Franck Olivier Men's Pure Homme EDT Spray 3.4 oz Fragrances 3516642062117,18.79,US,2.0,9.0,2024-05-23 21:56:59,"Brooklyn, New York, United States",169.10999999999999,11.0
Burberry,BURBERRY Men's Classic 3.3 oz / 100 ml EDT Cologne Spray,32.99,US,2.0,3.0,2024-05-16 12:44:08,"New York, New York, United States",98.97,5.0
Parfums de Marly,Parfums de Marly Kalan 4.2 fl oz / 125 ml Spray with box Men's Fragrances,110.0,US,0.0,6.0,2024-05-21 06:39:59,"Brownsboro, Texas, United States",660.0,6.0
GIORGIO ARM.ANI,ACQUA DI GIO Eau De Toilette 3.4 oz/ 100 ml GIORGIO ARM.ANI for Men,36.68,US,9.0,1.0,,"Austin, Texas, United States",36.68,10.0
Victor & Rolf,Victor & Rolf Spicebomb Extreme EDP 1.7 oz/ 50 ML  Spray For Men,74.59,US,10.0,1.0,2024-05-24 10:22:34,"New York, New York, United States",74.59,11.0
Polo,Polo Double Black by Ralph Lauren for Men EDT Spray 4.2 oz / 125 ml New In Box,41.79,US,2.0,174.0,2024-05-19 12:04:26,"Jamaica, New York, United States",7271.46,176.0
Roberto Cavalli,Roberto Cavalli Men's Uomo EDT Spray 3.4 oz (100 ml) Sealed,42.95,US,10.0,8.0,2024-05-04 05:03:56,"Keyport, New Jersey, United States",343.6,18.0
Bentley,Bentley Intense by Bentley 3.4 oz EDP Cologne for Men New In Box TESTER,28.99,US,13.0,65.0,2024-05-24 06:39:48,"Melissa, Texas, United States",1884.35,78.0
Azzaro,Azzaro The Most Wanted 3.3 oz EDP Intense Cologne for Men New In Box,93.91,US,0.0,111.0,2024-05-22 23:00:15,"Hackensack, New Jersey, United States",10424.01,111.0
Salvatore Ferragamo,F Ferragamo Free Time by Salvatore Ferragamo for men EDT 3.3 / 3.4 oz New Tester,21.0,US,4.0,785.0,2024-05-24 07:21:08,"Dallas, Texas, United States",16485.0,789.0
Emanuelle Ungaro,Diva by Emanuel Ungaro 3.4 oz for Women edp New in Box,31.89,US,15.0,226.0,2024-05-16 05:09:58,"Dallas, Texas, United States",7207.14,241.0
Mercedes-Benz,MERCEDES BENZ CLUB BLACK EDT 3.4 OZ / 100 ML FOR MEN (NEW IN WHITE BOX),37.99,US,4.0,2.0,2024-05-22 22:37:03,"North Brunswick, New Jersey, United States",75.98,6.0
Versace,VERSACE EROS FLAME by Versace for men cologne EDP 3.3 / 3.4 oz New in Box,58.09,US,0.0,550.0,2024-05-21 14:43:09,"Dallas, Texas, United States",31949.500000000004,550.0
Davidoff,Cool Water by Davidoff 4.2 oz EDT Cologne for Men New In Box,25.23,US,0.0,40130.0,2024-05-24 05:18:15,"Hackensack, New Jersey, United States",1012479.9,40130.0
Ralph Lauren,Polo Blue by Ralph Lauren Eau De Parfum Spray 4.2 oz 125 ml For Men,43.0,US,5.0,32.0,2024-05-20 10:33:43,"Hamtramck, Michigan, United States",1376.0,37.0
CURVE,Curve Chill by Liz Claiborne Cologne for Men 4.2 oz New In Box,16.82,US,4.0,1992.0,2024-05-21 22:28:49,"Hackensack, New Jersey, United States",33505.44,1996.0
Penhaligon's,Penhaligon's The Omniscient Mister Thompson 2.5 oz/75 ml Eau de Parfum Spray New,188.99,US,4.0,1.0,2024-05-05 19:10:00,"Ottawa, Canada",188.99,5.0
Emporio Armani,Armani Stronger With You  100ml /3.4 oz Stronger With You Amber EDP for Men NIB,69.99,US,2.0,6.0,2024-05-22 19:01:20,"Texas, Hong Kong",419.93999999999994,8.0
Salvatore Ferragamo,"Salvatore Ferragamo Men's ""F"" Pour Homme Black EDT Spray 3.4 oz Fragrances",28.19,US,3.0,23.0,2024-05-23 21:08:23,"Brooklyn, New York, United States",648.37,26.0
Kenneth Cole,Kenneth Cole All Over Body Spray for Men 6 Oz Choose Scent,10.99,US,10.0,368.0,2024-05-24 05:30:37,"Brooklyn, New York, United States",4044.32,378.0
Diesel,Fuel For Life Cologne by Diesel Eau De Toilette Spray 1.7 oz for Men  **NiB**,16.99,US,10.0,28.0,2024-04-08 05:02:35,"Des Moines, Iowa, United States",475.71999999999997,38.0
Paco Rabanne,Phantom by Paco Rabanne 3.4 oz EDT Cologne for Men Brand New In Box,70.08,US,0.0,1165.0,2024-05-23 16:28:06,"Hackensack, New Jersey, United States",81643.2,1165.0
As Show,Sauvage EDP Eau de Parfum Cologne for Men 3.4 oz New In Box Free Shipping,69.99,US,10.0,49.0,2024-05-11 04:30:04,"Hong Kong, Hong Kong",3429.5099999999998,59.0
Hollister,SO CAL Hollister  (3.4oz/100ml( Eau De Cologne Spray Sealed New,46.75,US,7.0,3.0,,"Green Bay, Wisconsin, United States",140.25,10.0
Burberry,Burberry Hero 3.3 oz EDP Cologne for Men Brand New In Box,75.65,US,10.0,16.0,2024-05-24 09:20:14,"Hackensack, New Jersey, United States",1210.4,26.0
Yves Saint Laurent,Yves Saint Laurent Men's Y Eau de Parfum Intense EDP Spray 3.38 oz Fragrances,94.93,US,3.0,15.0,2024-05-23 09:20:53,"Brooklyn, New York, United States",1423.95,18.0
Afnan,Turathi Blue by Afnan EDP Spray for Men 3.0oz New Sealed Box,34.5,US,2.0,16.0,2024-05-24 09:54:04,"Dallas, Texas, United States",552.0,18.0
Michael Malul London,Michael Malul Ocean Noir 3.4 oz / 100 ml eau de parfum for men Spray New,90.11,US,10.0,51.0,2024-05-11 09:30:33,"Columbia, South Carolina, United States",4595.61,61.0
Estée Lauder,Pleasures by Estee Lauder 1.7 oz / 50 ml Cologne Spray for Men,19.99,US,3.0,10.0,2024-05-03 17:56:21,"New York, New York, United States",199.89999999999998,13.0
Mercedes-Benz,Mercedez Benz Club Black 3.3 oz EDT Spray Mens Cologne 100ml NIB,47.99,US,10.0,17.0,2024-05-16 21:53:55,"Edison, New Jersey, United States",815.83,27.0
PRADA,Prada L'Homme Intense 3.3 oz./ 100 ml. Eau De Parfum Spray for Men,113.98,US,10.0,755.0,2024-05-22 04:59:36,"Katy, Texas, United States",86054.90000000001,765.0
Cologne,Jo Malone London Cypress Grapevine Intense Eau de Parfum 1.7 oz 50 ml NWOB,67.5,US,4.0,3.0,2024-05-23 09:09:05,"Matawan, New Jersey, United States",202.5,7.0
Pierre Cardin,Pierre Cardin Fusion Men's Eau de Toilette Spray. Cool Scent. New in box. 1.7 oz,7.28,US,10.0,149.0,2024-05-21 19:51:46,"Miami, Florida, United States",1084.72,159.0
RawChemistry,FOR HIM by RAW CHEMISRTY 30ml/1oz Peromone Cologne Spray,30.95,US,13.0,4.0,2024-05-19 06:43:30,"Maiden, North Carolina, United States",123.8,17.0
Michael Malul London,Ocean Noir EDP Perfume By Michael Malul 100 ML (Eau De Parfum) (For Men),89.99,US,4.0,8.0,2024-05-12 20:22:40,"Towson, Maryland, United States",719.92,12.0
Cologne,Parfum For men sauvage cologne Eau De perfum 100ml fl 3.4oz,68.89,US,4.0,25.0,2024-05-24 09:37:13,"New York, New York, United States",1722.25,29.0
Sterling,"Club De Nuit Urban Elixir by Armaf, 3.6 oz EDP Spray for Men",38.98,US,10.0,129.0,2024-05-24 10:21:12,"Edison, New Jersey, United States",5028.419999999999,139.0
Paco Rabanne,INVICTUS Paco Rabanne men cologne edt 3.4 oz 3.3 NEW TESTER,46.0,US,59.0,1207.0,2024-05-22 11:37:30,"Dallas, Texas, United States",55522.0,1266.0
Burberry,Burberry Touch Men EDT 3.4 oz Cologne New in Box,32.99,US,6.0,59.0,2024-05-24 06:48:06,"Dexter, Michigan, United States",1946.41,65.0
PRADA,PRADA LUNA ROSSA EXTREME EDP 1.7 oz 50 ml EDP Spray New no box same as pic *RARE,181.04,US,5.0,30.0,2024-05-20 13:09:12,"United states, United States",5431.2,35.0
Afnan,"Supremacy Not Only Intense by Afnan, 3.4 oz EDP Spray for Men",38.41,US,10.0,147.0,2024-05-24 10:21:08,"Edison, New Jersey, United States",5646.2699999999995,157.0
Liz Claiborne,"Liz Claiborne Curve Crush for Men Eau de Cologne for Men, 4.2 Oz",17.98,US,0.0,150.0,2024-05-24 07:15:03,"Edison, New Jersey, United States",2697.0,150.0
Territoire,Territoire Gold 79 Eau de Parfum Spray for Men. Smooth & Spicy Scent. 3.4 fl.oz,16.49,US,10.0,77.0,2024-05-23 11:24:47,"Miami, Florida, United States",1269.7299999999998,87.0
Jimmy Choo,Jimmy Choo Man Ice / Jimmy Choo EDT Spray 3.3 oz (100 ml) (m),31.95,US,3.0,8.0,2024-05-22 12:57:17,"Brooklyn, New York, United States",255.6,11.0
Hollister,SOCAL by HOLLISTER SO CAL 1.7 oz 50ml EAU DE COLOGNE SPRAY MEN NEW 🌺SEALED,26.75,US,7.0,5.0,,"Chesapeake, Virginia, United States",133.75,12.0
Bentley,Bentley For Men Absolute / Bentley Fragrances EDP Spray 3.4 oz (100 ml) (m),29.13,US,3.0,13.0,2024-05-22 07:32:43,"Brooklyn, New York, United States",378.69,16.0
Viktor & Rolf,Spicebomb Night Vision 3.04 Oz Eau De Parfum Spray by Viktor & Rolf NEW IN BOX,74.85,US,0.0,2.0,,"Monterey Park, California, United States",149.7,2.0
Armaf,Armaf Tres Nuit 3.4 oz/100ml Eau De Toilette for Men,28.95,US,10.0,1306.0,2024-05-17 11:38:12,"Houston, Texas, United States",37808.7,1316.0
Lapidus,LAPIDUS Pour Homme By Ted Lapidus Eau De Toilette 3.3 oz / 100 ml For Men,20.25,US,10.0,24.0,2024-05-22 05:18:16,"New York, New York, United States",486.0,34.0
Mary Kay,Mary Kay Domain Men’s Cologne,30.0,US,2.0,24.0,2024-05-08 08:37:11,"Douglasville, Georgia, United States",720.0,26.0
Guy Laroche,Drakkar Noir by Guy Laroche 3.4 oz EDT Cologne for Men New In Box,18.91,US,10.0,5500.0,2024-05-23 21:35:04,"Hackensack, New Jersey, United States",104005.0,5510.0
L’OCCITANE,L'Occitane En Provence Eau Des Baux EDT 3.4 oz 100 ml Eav Des Bavx New Original,59.0,US,5.0,4.0,2024-05-19 09:48:36,"Winter Haven, Florida, United States",236.0,9.0
Giorgio Armani,Acqua Di Gio Absolu Giorgio Armani EDP 125 ML / 4.2 Fl Oz Men Perfume,192.0,US,7.0,37.0,2024-05-23 08:07:43,"Jerusalem, Israel",7104.0,44.0
Jimmy Choo,Jimmy Choo Man Ice / Jimmy Choo EDT Spray 1.7 oz (50 ml) (m),24.43,US,3.0,4.0,2024-05-21 20:38:20,"Brooklyn, New York, United States",97.72,7.0
Have A Scent,SAUVAGE MEN  FRAGRANCE OIL  BY HAVE A SCENT 12 ML,9.99,US,10.0,94.0,2024-04-30 11:41:49,"Fort Lauderdale, Florida, United States",939.0600000000001,104.0
Yves Saint Laurent,NIB YSL Yves Saint Laurent MYSLF EDP Spray 3ml / 0.1oz MYSELF NEW FOR 2023,15.99,US,6.0,91.0,2024-05-11 09:37:04,"New York, New York, United States",1455.09,97.0
Carolina Herrera,HERRERA for Men Carolina Herrera Cologne EDT 3.4 oz 3.3 New in Box,40.59,US,53.0,2934.0,2024-05-21 22:51:32,"Dallas, Texas, United States",119091.06000000001,2987.0
CHANEL,CHANEL Allure Homme Sport 3.4 Oz Men Eau De Toilette,89.97,US,0.0,0.0,,"Lakewood, California, United States",0.0,0.0
Giorgio Armani,"Acqua di Gio by Giorgio Armani for Men,  Eau de Toilette 6.7 oz Spray New in Box",44.99,US,9.0,19.0,2024-05-22 05:40:17,"Warren, Michigan, United States",854.8100000000001,28.0
SECERTMU,New 2024 Sexy Cologne Cupid Hypnosis Long Lasting Pheromone Perfume for Men,6.96,US,10.0,102.0,2024-05-18 16:15:46,"San Francisco, California, United States",709.92,112.0
J. Del Pozo,Halloween Man X by Jesus Del Pozo 4.2 oz EDT Cologne for Men New In Box,37.98,US,10.0,612.0,2024-05-21 18:20:33,"Hackensack, New Jersey, United States",23243.76,622.0
Louis Vuitton,Louis Vuitton Meteore Eau de Parfum Sample Spray - 2ml/0.06oz,18.95,US,10.0,624.0,2024-05-15 17:19:08,"Pearland, Texas, United States",11824.8,634.0
Avon,Avon FULLSPEED / RPM Eau de Toilette  Spray 2.5 fl.oz / 75 ml,19.99,US,10.0,26.0,2024-05-19 22:56:04,"Elk, Poland",519.74,36.0
Versace,Versace Dylan Blue Pour Homme EDT For Men  3.4 oz / 100 ml *NEW*,45.99,US,3.0,37.0,2024-05-21 07:36:26,"Miami, Florida, United States",1701.63,40.0
Paco Rabanne,Invictus Victory Elixir by Paco Rabanne 3.4oz Parfum Intense NEW TESTER NO BOX,86.99,US,12.0,28.0,2024-05-22 20:18:57,"Melissa, Texas, United States",2435.72,40.0
Versace,Versace Men's L'Homme EDT Spray 3.4 oz (Tester) Fragrances 8011003996735,19.73,US,3.0,7.0,2024-05-23 20:44:22,"Brooklyn, New York, United States",138.11,10.0
Unbranded,Love Bombed Pheromone Cologne for- Men Enhanced Scents Pheromone Perfume,13.28,US,9.0,6.0,,"WA, United States",79.67999999999999,15.0
Cologne,Lane Frost Frosted Cologne,35.0,US,2.0,8.0,,"Gonzales, Louisiana, United States",280.0,10.0
Unbranded,SEALED NEW CUPID HYPNOSIS MEN’S PHEROMONE COLOGNE 1.7 OZ | MEET MORE HOT WOMEN,16.99,US,10.0,84.0,2024-05-24 00:13:42,"Hong Kong, China",1427.1599999999999,94.0
Parfums de Marly,GREENLEY by Parfums de Marly - 10ML Travel Sample Spray - Fresh Green PDM!!!,34.99,US,8.0,19.0,2024-05-24 07:43:15,"Brooklyn, New York, United States",664.8100000000001,27.0
Jaguar,Jaguar Men's Jaguar Oud EDT Spray 3.38 oz (Tester) Fragrances 7640171193212,13.15,US,3.0,7.0,2024-05-22 18:38:34,"Brooklyn, New York, United States",92.05,10.0
Paco Rabanne,Invictus Platinum by Paco Rabanne 3.4 oz Eau de Parfum Spray for Men. New NO BOX,64.99,US,10.0,118.0,2024-05-19 22:33:32,"Katy, Texas, United States",7668.82,128.0
CHANEL,Chanel Bleu De Chanel Parfum (0.05 Oz / 1.5 ML) Sample Spray *New/Carded*,11.5,US,2.0,12.0,2024-05-23 18:36:28,"Montclair, California, United States",138.0,14.0
Burberry,Burberry Weekend 3.3oz Men's Eau de Toilette,28.99,US,10.0,7.0,2024-05-08 15:45:56,"Katy, Texas, United States",202.92999999999998,17.0
Fragrance Couture,Perfume for Men's Valentine Milano Cologne 3.4 Fl.oz EDT Best Gift Fast Shipping,14.98,US,0.0,206.0,2024-04-12 15:57:06,"Cumming, Georgia, United States",3085.88,206.0
Creed,Virgin Island Water by Creed 2ml Vial Spray New Factory Sealed,13.0,US,3.0,17.0,2024-05-18 21:26:21,"Fort Walton Beach, Florida, United States",221.0,20.0
Creed,Aventus Cologne for Men by Creed 2ml Vial Spray New Factory Sealed,11.99,US,2.0,39.0,2024-05-22 11:20:42,"Fort Walton Beach, Florida, United States",467.61,41.0
Paco Rabanne,Paco Rabanne Invictus Legend 100ml / 3.4 oz (Tester) Eau De Parfum Spray for Men,104.99,US,5.0,38.0,2024-05-22 16:48:50,"Sanborn, New York, United States",3989.62,43.0
Dolce & Gabbana,"The One by Dolce & Gabbana, 5 oz EDP Spray for Men",75.95,US,10.0,3.0,2024-05-24 09:26:23,"Edison, New Jersey, United States",227.85000000000002,13.0
Armaf,Le Parfait Pour Homme by Armaf Cologne For Men EDP 3.3 / 3.4 oz New in Box,19.41,US,86.0,501.0,2024-05-24 10:13:10,"Dallas, Texas, United States",9724.41,587.0
Mancera,MANCERA COSMIC PEPPER EDP 2.0ml .06fl oz x 1 COLOGNE SPRAY SAMPLE,13.5,US,10.0,17.0,2024-04-01 21:47:48,"Albany, New York, United States",229.5,27.0
Giorgio Armani,Armani Aqua Di Gio 3.4 oz EDT Iconic Men's Fragrance Sealed New in Box,29.99,US,6.0,141.0,2024-05-24 08:25:48,"Inkster, Michigan, United States",4228.59,147.0
Polo Ralph Lauren,Polo Green by Ralph Lauren 4 Fl oz Eau De Toilette Spray New & Sealed.,38.99,US,2.0,41.0,2024-05-23 04:45:58,"Huntsville, Alabama, United States",1598.5900000000001,43.0
Giorgio Armani,Giorgio Armani Acqua Di Gio 6.7oz  200ml Men's Eau de Toilette Spray Brand New,46.99,US,5.0,15.0,2024-05-21 22:16:00,"Brooklyn, New York, United States",704.85,20.0
Hermes,mini Terre D'Hermes by Hermes 0.17 oz EDT Cologne for Men Brand New In Box,14.98,US,10.0,418.0,2024-05-24 09:36:53,"Hackensack, New Jersey, United States",6261.64,428.0
Abercrombie & Fitch,Abercrombie & Fitch Fierce 6.7 oz / 200 ml Eau de Cologne Spray New & Sealed,44.99,US,2.0,129.0,2024-05-19 15:03:20,"Reinholds, Pennsylvania, United States",5803.71,131.0
Yves Saint Laurent,YSL YVES SAINT LAURENT Y PARFUM L ELIXIR SAMPLE SPRAY 0.04 FL OZ / 1.2 ML,9.89,US,10.0,6.0,,"Woodbridge, Virginia, United States",59.34,16.0
Gucci,GUCCI GUILTY ELIXIR DE PARFUM POUR HOMME 0.05 oz (3 Carded Spray Vials for MEN),15.99,US,0.0,196.0,2024-05-19 16:43:20,"Valley Stream, New York, United States",3134.04,196.0
Hugo Boss,Boss Bottled Parfum by Hugo Boss cologne for men 3.3 / 3.4 oz New in Box,65.37,US,16.0,87.0,2024-05-02 01:30:37,"Dallas, Texas, United States",5687.1900000000005,103.0
Valentino,Valentino Uomo Cologne by Valentino 3.4oz EDT Eau de Toilette for Men New in Box,59.99,US,2.0,3.0,2024-05-22 17:57:33,"New York, New York, Taiwan",179.97,5.0
LLURE SX,LLURE SX HUMAN PHERAMONES #1 FRAGRANCE FOR MEN TO ATTRACT BEAUTIFUL WOMEN,38.95,US,3.0,114.0,2024-05-15 11:26:06,"Long Beach, California, United States",4440.3,117.0
Jacques Bogart,ONE MAN SHOW HIGHLY CONCENTRATED by Jacques Bogart Cologne 3.3 / 3.4 oz NEW IN B,13.97,US,31.0,957.0,2024-05-11 23:42:49,"Dallas, Texas, United States",13369.29,988.0
Dolce&Gabbana,Dolce & Gabbana The One Luminous Night 3.3/3.4 oz Eau De Parfum 100 ml Spray Men,239.99,US,10.0,14.0,2024-05-21 12:41:57,"El Cajon, California, United States",3359.86,24.0
Gucci,Gucci Guilty Pour Homme EDT for Men 3.0 oz / 90 ml *NEW*,53.99,US,3.0,3.0,,"Miami, Florida, United States",161.97,6.0
Ralph Lauren,Ralph Lauren Polo Earth Spray - Eau De Toilette (EDT) - 1.36 fl oz - New,29.99,US,10.0,8.0,2024-04-26 20:26:52,"Middletown, Delaware, United States",239.92,18.0
Tommy Hilfiger,TOMMY HILFIGER IMPACT INTENSE Cologne for Men 3.4 oz 100 ml Eau de Parfum Spray,44.95,US,6.0,75.0,2024-05-23 15:48:20,"TX, United States",3371.25,81.0
Giorgio Armani,Armani Code Profumo 3.7 oz Intense Masculine EDP Sealed,79.99,US,5.0,47.0,2024-05-14 08:33:40,"Macomb, Michigan, United States",3759.5299999999997,52.0
Unbranded,VERSE ADONIS RED For Men Eau de Parfum 3.4oz,13.99,US,10.0,8.0,2024-04-28 20:19:23,"Dearborn, Michigan, United States",111.92,18.0
Cologne,10 Men's Cologne Sample vials with Organza Bag Travel Size,25.46,US,10.0,410.0,2024-05-23 18:50:00,"New York, United States",10438.6,420.0
Moschino,"USA MOSCHINO Toy Boy Eau De Parfume Spray for Men, 3.4 fl oz NEW , in BOX",35.99,US,4.0,3.0,2024-05-11 03:51:13,"36784, United States",107.97,7.0
Dolce & Gabbana,D&G DOLCE & GABBANA THE ONE FOR MEN EDP INTENSE .8ml .02oz x 1 COLOGNE SAMPLE,7.5,US,10.0,115.0,2024-04-05 00:53:07,"Albany, New York, United States",862.5,125.0
Yves Saint Laurent,Yves Saint Laurent YSL Y Elixir PARFUM CONCENTRE 2oz. 2024 New Release! SEALED,129.0,US,7.0,13.0,2024-05-06 12:23:40,"McLean, Virginia, United States",1677.0,20.0
As Show,YSL Yves Saint Laurent Y Eau de Toilette 3.3OZ EDT Cologne Spray For Mens New,47.99,US,6.0,16.0,2024-05-21 09:39:57,"California,United States, Hong Kong",767.84,22.0
Carolina Herrera,212 VIP by Carolina Herrera * Cologne for Men * 3.4 oz * BRAND NEW IN BOX,59.43,US,7.0,3691.0,2024-05-24 09:27:04,"Hackensack, New Jersey, United States",219356.13,3698.0
Dolce & Gabbana,4 Dolce & Gabbana The One Luminous Night EDP Exclusive Edition sample 0.8ml New,14.95,US,8.0,79.0,2024-05-22 03:59:19,"Pearland, Texas, United States",1181.05,87.0
Ralph Lauren,*Brand New 2024 Release* POLO 67 by Ralph Lauren - 2ML Travel Sample - Nice!!!,12.99,US,5.0,5.0,2024-05-09 04:53:41,"Brooklyn, New York, United States",64.95,10.0
Paco Rabanne,Paco Rabanne PHANTOM 100ml / 3.4 oz EDP INTENSE Sealed Authentic Fast Finescents,108.0,US,0.0,10.0,2024-05-23 10:26:22,"Appleton, Wisconsin, United States",1080.0,10.0
FC,PERFUME Cologne for MEN Long Lasting Fragrance 100ML 3.4 Oz PARFUM Best Gift,14.7,US,10.0,119.0,2024-04-09 05:59:11,"Hephzibah, Georgia, United States",1749.3,129.0
Valentino,Uomo Born In Roma Yellow Dream by Valentino 3.4 oz EDT Cologne Men New in Box,78.99,US,10.0,27.0,2024-05-16 02:06:00,"United States,California, Taiwan",2132.73,37.0
Pheromones,PHEROMONE SPRAY COLOGNE for MEN *ATTRACT WOMEN! 52X ***NEW***,32.95,US,10.0,217.0,2024-05-22 09:46:38,"Rockledge, Florida, United States",7150.150000000001,227.0
Paco Rabanne,Paco Rabanne Pour Homme  men 1 oz EDT U/B,18.99,US,10.0,38.0,2024-05-01 11:40:14,"Brooklyn, New York, United States",721.6199999999999,48.0
Cartier,DECLARATION by Cartier edt Cologne 3.3 oz / 3.4 oz New tester,59.63,US,24.0,48.0,2024-05-24 08:20:12,"Dallas, Texas, United States",2862.2400000000002,72.0
HUGO BOSS,BOSS # 6 UNLIMITED by HUGO BOSS Cologne EDT Men 3.3 / 3.4 oz NO SIX NEW IN BOX,44.93,US,26.0,2098.0,2024-05-21 22:39:15,"Dallas, Texas, United States",94263.14,2124.0
Armaf,Club de Nuit Intense by Armaf cologne for men EDT 3.6 oz New in Box ☆,30.31,US,10.0,17.0,2024-05-23 08:39:31,United States,515.27,27.0
Abercrombie & Fitch,Abercrombie & Fitch Fierce Intense 1.7 oz EDC Spray New Discontinued,49.99,US,10.0,381.0,2024-04-12 11:01:52,"Rochester, New York, United States",19046.190000000002,391.0
Dior,Sauvage Elixir By Dior 2.0oz,88.99,US,5.0,4.0,2024-05-24 04:19:41,"Belleville, Michigan, United States",355.96,9.0
Paco Rabanne,1 Million by Paco Rabanne Men’s Sample Kit 4/pc,20.0,US,7.0,2.0,2024-05-22 10:00:19,"Flemington, New Jersey, United States",40.0,9.0
Assorted,6x Cologne Sampler Lot of Designer Fragrance Samples for Men - NEW,17.95,US,0.0,4.0,2024-05-09 17:17:45,"Orange City, Florida, United States",71.8,4.0
Paco Rabanne,"Paco Rabanne Invictus EDT 3.4oz for Men - Sealed, Sporty Fragrance",39.99,US,7.0,40.0,2024-05-19 10:33:07,"Flat Lick, Kentucky, United States",1599.6000000000001,47.0
HINODE,Brazilian Inebriante Eau de Parfum Male Perfume 100ml - Hinode Original,99.0,US,8.0,177.0,2024-03-20 18:01:39,"REGENTE FEIJO, Brazil",17523.0,185.0
Unbranded,Men's Pheromone-Infused Perfume Cupid Hypnosis Cologne Fragrances Charm Toilette,15.99,US,10.0,65.0,2024-05-22 14:08:35,"Houston, Texas, United States",1039.35,75.0
Dossier,Dossier Fougere Pink Pepper Eau de Parfum. Size: 50ml / 1.7oz,20.0,US,10.0,16.0,2024-05-05 23:17:39,"Los Angeles, California, United States",320.0,26.0
Ralph Lauren,Ralph Lauren Polo Red 6.7oz / 200ml Men's Eau De Toilette Spray Brand New Sealed,41.95,US,7.0,37.0,2024-05-19 19:20:33,"San Jose, California, United States",1552.15,44.0
Parfums de Marly,CARLISLE by Parfums de Marly - 5ML Travel Sample Spray - TOP PDM Scent!!,19.99,US,4.0,6.0,,"Brooklyn, New York, United States",119.94,10.0
Creed,Creed Aventus Eau De Parfum Travel Size Spray 10ml / 0.33oz Batch F002525 Sample,38.99,US,10.0,20.0,2024-05-22 14:03:03,"Brooklyn, New York, United States",779.8000000000001,30.0
Dolce&Gabbana,K by Dolce & Gabbana 3.3 oz EDP Cologne for Men New In Box,55.15,US,5.0,64.0,2024-05-24 08:47:04,"Hackensack, New Jersey, United States",3529.6,69.0
Dolce&Gabbana,Dolce & Gabbana The One for Men 3.3 oz./ 100 ml. Eau de Parfum Spray For Men New,74.48,US,10.0,5.0,2024-05-24 03:20:58,"Katy, Texas, United States",372.40000000000003,15.0
Lattafa,Lattafa Men's Pride Winners Trophy Silver EDP Spray 3.4 oz Fragrances,33.49,US,3.0,4.0,2024-05-20 10:40:38,"Brooklyn, New York, United States",133.96,7.0
Roja,"Roja Parfums Elysium Pour Homme Parfum Cologne Sample Spray .06oz, 1.7ml in Card",17.89,US,5.0,68.0,2024-05-22 02:15:28,"Phillipsburg, New Jersey, United States",1216.52,73.0
Gucci,GUCCI GUILTY POUR HOMME * Cologne for Men * EDT * 3.0 oz * BRAND NEW IN BOX,58.46,US,0.0,5227.0,2024-05-23 07:51:26,"Hackensack, New Jersey, United States",305570.42,5227.0
Parfums de Marly,Parfums de Marly LAYTON Royal Essence EDP Spray 4.2 fl oz. NEW Sealed Box,91.98,US,0.0,7.0,2024-05-23 14:18:39,"Madera, California, United States",643.86,7.0
Calvin Klein,Obsession by Calvin Klein for Men 3.4 oz After Shave Balm in Tube Full Size NEW,17.99,US,3.0,3.0,2024-05-23 18:43:56,"West Harrison, Indiana, United States",53.97,6.0
Salvatore Ferragamo,Intense Leather by Salvatore Ferragamo for Men 3.4oz (100ML) Eau De Parfum Spray,69.95,US,5.0,120.0,2024-05-13 17:50:50,"Brooklyn, New York, United States",8394.0,125.0
Paco Rabanne,Paco Rabanne 1 One Million Lucky Eau De Toilette 6.8 oz / 200 ml For Men,135.0,US,8.0,4.0,,"Franklin Square, New York, United States",540.0,12.0
Cologne,Ralph Lauren Polo Green 4.0 fl oz Cologne Eau De Toilette Factory Sealed New,35.0,US,3.0,214.0,2024-05-24 01:25:38,"Grafton, Wisconsin, United States",7490.0,217.0
Michael Jordan,Michael Jordan Legend by Michael Jordan 3.4 oz Cologne Spray for Men New In Box,21.79,US,10.0,488.0,2024-05-24 10:03:02,"Hackensack, New Jersey, United States",10633.52,498.0
ysl,YSL Yves Saint Laurent Y Eau de Toilette Spray 3.3 oz/100ML EDT Mens Cologne New,38.0,US,10.0,42.0,2024-05-08 03:42:07,"Wakefield, Massachusetts, Hong Kong",1596.0,52.0
Ralph Lauren,"Polo Blue by Ralph Lauren 4.2 Oz – Men's Eau De Toilette, Sealed Packaging",34.99,US,5.0,31.0,2024-05-18 08:45:33,"Dearborn, Michigan, United States",1084.69,36.0
Dolce&Gabbana,The One by Dolce & Gabbana D&G Cologne for Men 3.3 / 3.4 oz Brand New In Box,53.45,US,0.0,3787.0,2024-05-23 20:23:26,"Hackensack, New Jersey, United States",202415.15000000002,3787.0
Paco Rabanne,Paco Rabanne PHANTOM Parfum 1.7 oz / 50 ml Men's Spray,82.99,US,10.0,2.0,2024-05-22 01:08:01,"New York, New York, United States",165.98,12.0
Valentino,Valentino Uomo Born In Roma Coral Fantasy 3.4 oz/100ml EDT Cologne for Men New,79.99,US,2.0,11.0,2024-05-23 23:59:20,"HK, Hong Kong",879.89,13.0
PRADA,Prada Luna Rossa Black EDP Eau De Parfum 8ml Sample,22.99,US,9.0,1.0,,"Cincinnati, Ohio, United States",22.99,10.0
Afnan,Ornament pour homme by Afnan Cologne For Men EDP 3.3 / 3.4 oz New in Box,22.15,US,28.0,196.0,2024-05-23 06:45:23,"Dallas, Texas, United States",4341.4,224.0
Polo Ralph Lauren,Polo Black by Ralph Lauren EDT 2.5 oz 75 ml NEW IN SEALED BOX,26.55,US,7.0,15.0,2024-05-21 08:45:23,"Hamlet, North Carolina, United States",398.25,22.0
Designer Series,Free Shipping PERFUME For Men BLUE 100ml 3.4fl.oz Long Lasting Fragrance Cologne,12.6,US,10.0,229.0,2024-05-23 19:13:34,"Cumming, Georgia, United States",2885.4,239.0
Bond No. 9,New York Nights Bond No 9 Made Stronger With Pheromones For Super Sexual Allure!,17.98,US,10.0,9.0,2024-05-16 12:30:59,"Austell, Georgia, United States",161.82,19.0
Tom Ford,Tom Ford Beau De Jour 3.4 oz EDP Cologne for Men New In Box,135.49,US,10.0,64.0,2024-05-24 09:20:14,"Hackensack, New Jersey, United States",8671.36,74.0
YSL,YSL Y EDT cologne for men Eau de Toilette EDT 3.3 / 3.4 oz New With Box,52.99,US,8.0,60.0,2024-05-23 02:38:43,"New Jersey, Hong Kong",3179.4,68.0
Lacoste,Lacoste Eau De Lacoste Blanc L.12.12 Cologne for Men 5.9 / 6 oz New In Box,54.5,US,2.0,1995.0,2024-05-21 17:08:14,"Hackensack, New Jersey, United States",108727.5,1997.0
Alexandria Fragrances,Alexandria fragrances: BLACK PANTHER INSPIRED BY BVLGARI TYGAR,3.0,US,39.0,4.0,2024-05-23 18:11:56,"Wynnewood, Pennsylvania, United States",12.0,43.0
Armaf,Odyssey Homme by Armaf 6.7 / 6.8 oz EDP Cologne for Men New in Box,36.95,US,19.0,120.0,2024-05-20 21:16:42,"Dallas, Texas, United States",4434.0,139.0
Giorgio Armani,"Acqua di Gio by Giorgio Armani for Men,  Eau de Toilette 6.7 oz Spray New in Box",51.99,US,9.0,28.0,2024-04-23 04:55:18,"Houston, Texas, United States",1455.72,37.0
CHANEL,Chanel Platinum Egoiste (0.05 Oz / 1.5 ML) Sample Spray *New/Carded*,12.0,US,2.0,11.0,2024-05-23 10:37:59,"Montclair, California, United States",132.0,13.0
Maison Martin Margiela,Replica Jazz Club by Maison Margiela 3.4 fl oz EDT Spray for Men New in Box US,39.99,US,0.0,11.0,2024-04-30 20:11:27,"Monroe Township, New Jersey, Hong Kong",439.89000000000004,11.0
Bvlgari,Bvlgari Rose Goldea  by Bvlgari EDP 3 fl oz / 90 ml *NEW*,64.99,US,10.0,15.0,2024-05-08 09:23:26,"Miami, Florida, United States",974.8499999999999,25.0
KENZO,Kenzo Homme MARINE 3.7 oz./110 ml. Eau de Toilette Marine Spray for Men New,76.99,US,10.0,33.0,2024-05-22 07:49:14,"Katy, Texas, United States",2540.6699999999996,43.0
El Ganso,El Ganso Bravo Monsieur Eau De Toilette EDT  4.2 oz 125 ml Cologne New,56.0,US,3.0,6.0,2024-05-14 03:39:09,"Winter Haven, Florida, United States",336.0,9.0
Avon,AVON Fullspeed Eau de Toilette 75ml - 2.5 fl.oz Full Speed,45.9,US,10.0,74.0,2024-05-23 03:08:19,"Elk, Poland",3396.6,84.0
VICTOR MANUELLE,VICTOR MANUELLE GOLD EAU DE PARFUM SPRAY FOR MEN 3.4 Oz / 100 ml BRAND NEW!!!,39.99,US,3.0,153.0,2024-05-13 19:05:56,"Philadelphia, Pennsylvania, United States",6118.47,156.0
English Laundry,"Oxford Bleu by English Laundry, 3.4 oz EDP Spray for Men",36.67,US,10.0,169.0,2024-05-24 07:58:46,"Edison, New Jersey, United States",6197.2300000000005,179.0
Luxury,Luxury by New Brand cologne for men EDT 3.3 /3.4 oz New In Box,10.67,US,57.0,272.0,2024-05-24 01:20:13,"Dallas, Texas, United States",2902.24,329.0
Yves Saint Laurent,YSL Y Eau Fraiche (3.3 Oz/100 ML) Eau De Toilette Spray *Rare/Discontinued*,92.0,US,0.0,9.0,2024-05-23 13:17:51,"Montclair, California, United States",828.0,9.0
MontBlanc,MontBlanc Men's Starwalker EDT Spray 2.5 oz Fragrances 3386460028486 (Tester),31.29,US,3.0,1.0,2024-05-20 16:10:31,"Brooklyn, New York, United States",31.29,4.0
Bath & Body Works,Bath & Body Works Men's Collection FRESHWATER Cologne Spray 3.4 FL Ounce,29.97,US,4.0,0.0,,"Dover, Delaware, United States",0.0,4.0
Jil Sander,Sun by Jil Sander cologne for men EDT 4.2 oz New In Box,27.84,US,0.0,85.0,2024-04-30 06:45:20,"Dallas, Texas, United States",2366.4,85.0
Dolce&Gabbana,Dolce & Gabbana Light Blue Italian Love Pour Homme 100ml / 3.3 oz EDT Spray Rare,99.99,US,6.0,17.0,2024-05-22 13:20:36,"Sanborn, New York, United States",1699.83,23.0
AS SHOW,A-ventu-s for Men 3.3 OZ./ 100 ML.Eau de Parfum Spray for Men New Sealed Box,99.49,US,0.0,3.0,2024-05-24 00:20:22,"Rochester, New York, United States",298.46999999999997,3.0
Acqua di Parma,Acqua Di Parma Colonia Collection For Men Sample Spray Vials 5pc Set,23.95,US,0.0,78.0,2024-05-22 03:57:35,"Pearland, Texas, United States",1868.1,78.0
Tom Ford,"5 Original M&H Tom Ford Impressions, Tobacco Vanille, Oud Wood & More",29.99,US,10.0,0.0,,"St. George, Utah, United States",0.0,10.0
Guy Laroche,Set of 12 GUY LAROCHE DRAKKAR INTENSE EDP PARFUM SPRAY MEN SAMPLE 1.2 ML/0.04 OZ,19.99,US,3.0,58.0,2024-05-04 06:13:01,"East Meadow, New York, United States",1159.4199999999998,61.0
Salvatore Ferragamo,F by Ferragamo Pour Homme cologne EDT 3.3 / 3.4 oz New in Box,26.86,US,37.0,1047.0,2024-05-21 09:56:08,"Dallas, Texas, United States",28122.42,1084.0
Paco Rabanne,Paco Rabanne 1 Million Royal Parfum 3.4 oz Cologne for Men New In Box,74.99,US,10.0,23.0,2024-05-23 17:37:22,"New York,United States, Hong Kong",1724.77,33.0
Calvin Klein,Truth by Calvin Klein 3.4 oz EDT Cologne for Men New In Box,31.57,US,10.0,287.0,2024-05-24 07:35:03,"Hackensack, New Jersey, United States",9060.59,297.0
Givenchy,Givenchy Gentleman 3.3 oz EDT Eau de Toilette INTENSE Spray for Men New in Box,39.99,US,3.0,45.0,2024-05-23 18:59:51,"California,USA, Hong Kong",1799.5500000000002,48.0
Avon,Avon Perceive 3.4oz Men's Eau de Cologne Lot Of 4 Fast- Free Shpping,51.49,US,10.0,37.0,2024-01-08 17:39:02,"Humacao, Puerto Rico, United States",1905.13,47.0
Armaf,Odyssey Aoud Edition by Armaf 3.4 oz EDP Cologne for Men New In Box,29.03,US,2.0,11.0,2024-05-23 01:07:01,"Hackensack, New Jersey, United States",319.33000000000004,13.0
Moschino,Toy Boy by Moschino 3.4 oz EDP Cologne for Men New In Box,39.95,US,10.0,5.0,2024-05-01 09:56:57,"Huntington Station, New York, United States",199.75,15.0
Lattafa,LATTAFA PERFUMES FAKHAR EAU DE PARFUM 100ML/3.3OZ MEN NEW IN BOX,25.99,US,8.0,71.0,2024-05-22 11:25:01,"North Brunswick, New Jersey, United States",1845.29,79.0
Azzaro,Tester Men Azzaro Pour Homme Eau de Toilette Spray 3.4 oz 100 ml Cologne EDT,18.11,US,10.0,12.0,2024-05-21 03:34:53,"Orlando, Florida, United States",217.32,22.0
Dolce&Gabbana,Dolce & Gabbana The One Mysterious Night Exclusive 100ml / 3.3 oz EDP Spray Men,124.99,US,2.0,13.0,2024-05-22 11:35:59,"Sanborn, New York, United States",1624.87,15.0
Montblanc,Explorer Platinum by Mont Blanc 3.3 oz EDP Cologne for Men New In Box,52.94,US,0.0,100.0,2024-05-22 08:40:06,"Hackensack, New Jersey, United States",5294.0,100.0
MAISON ALHAMBRA,Woody Oud by Lattafa For Men EDP 2.7oz / 80ml new in box,29.99,US,3.0,42.0,2024-05-24 07:55:47,"Miami, Florida, United States",1259.58,45.0
Ralph Lauren,Polo Sport by Ralph Lauren 4.2 oz EDT Cologne for Men New In Box,32.98,US,10.0,507.0,2024-05-22 19:48:31,"Hackensack, New Jersey, United States",16720.859999999997,517.0
Giorgio Armani,Acqua Di Gio by Giorgio Armani 3.4 fl oz/100 mL EDT Spray for Men NEW IN BOX,29.99,US,10.0,12.0,2024-05-18 09:30:42,"Saint Clair Shores, Michigan, United States",359.88,22.0
Giorgio Armani,Armani Code By Giorgio Armani EDT for Men 4.2 oz / 125 ml NEW IN SEALED BOX,37.95,US,9.0,20.0,2024-05-20 05:50:34,"Warren, Michigan, United States",759.0,29.0
Giorgio Armani,Giorgio Armani Acqua Di Gio 3.4oz Men's Eau de Toilette New Sealed,29.99,US,6.0,9.0,2024-05-22 08:47:26,"Ecorse, Michigan, United States",269.90999999999997,15.0
Versace,Blue Jeans by Versus Gianni Versace 2.5 oz EDT Cologne for Men New In Box,20.37,US,10.0,4569.0,2024-05-24 10:26:59,"Hackensack, New Jersey, United States",93070.53,4579.0
Ralph Lauren,Men Polo Deep Blue by Ralph Lauren 4.2 oz Parfum Cologne New In Box,53.99,US,2.0,16.0,2024-05-20 01:23:56,"Orlando, Florida, United States",863.84,18.0
Paco Rabanne,Invictus by Paco Rabanne 3.4 oz EDT Cologne for Men Brand New Tester,45.99,US,10.0,2452.0,2024-05-24 09:17:35,"Hackensack, New Jersey, United States",112767.48000000001,2462.0
PRADA,PRADA L'Homme Prada Eau de Toilette Spray 1.7fl oz/50ml Men's EDT NEW & SEALED,68.55,US,10.0,65.0,2024-05-08 08:02:39,"Middle Grove, New York, United States",4455.75,75.0
Paco Rabanne,Paco Rabanne Invictus 3.4 oz EDT Sporty Men's Fragrance Heroic Scent,39.99,US,5.0,23.0,2024-05-13 11:37:20,"Detroit, Michigan, United States",919.7700000000001,28.0
Hybrid & Company,Perfume Para Hombre Con Feromonas De Atraer Mujeres Fragancia Colonia Masculino*,24.19,US,15.0,73.0,2024-05-09 08:15:16,"Temple, Texas, United States",1765.8700000000001,88.0
Perry Ellis,360 by Perry Ellis 3.4 oz EDT Cologne for Men New In Box,23.01,US,5.0,2611.0,2024-05-24 09:56:02,"Hackensack, New Jersey, United States",60079.11,2616.0
Jean Paul Gaultier,Jean Paul Gaultier Le Beau 4.2 oz. Eau de Toilette Spray for Men New and Sealed,136.0,US,5.0,51.0,2024-05-23 16:34:42,"Miami, Florida, United States",6936.0,56.0
Lattafa,Opulent Oud by Lattafa 3.4 oz EDP Cologne for Men New in Box,16.9,US,10.0,127.0,2024-05-21 08:40:15,"Hackensack, New Jersey, United States",2146.2999999999997,137.0
Houbigant,DUC DE VERVINS by Houbigant Eau De Toilette Spray 4 oz -120 ml Men New & Sealed.,68.0,US,6.0,33.0,2024-05-22 14:53:19,"Hialeah, Florida, United States",2244.0,39.0
Ralph Lauren,Polo Ralph Lauren Black EDT Eau De Toilette 2.5 oz. NIB! SEALED!,25.0,US,5.0,8.0,2024-04-11 04:33:41,"Nine Mile Falls, Washington, United States",200.0,13.0
HUGO BOSS,Hugo by Hugo Boss 6.7 oz EDT Cologne for Men Brand New In Box,50.79,US,0.0,7506.0,2024-05-24 10:26:59,"Hackensack, New Jersey, United States",381229.74,7506.0
Lattafa,Sheikh Al Shuyukh Luxe Edition by Lattafa 3.4 oz EDP Cologne Men New in Box,17.18,US,10.0,65.0,2024-05-22 11:57:54,"Hackensack, New Jersey, United States",1116.7,75.0
Perry Ellis,360 White by Perry Ellis 3.4 oz edt 3.3 Spray for Men New in BOX,21.91,US,96.0,1831.0,2024-05-24 09:06:07,"Dallas, Texas, United States",40117.21,1927.0
Zara,ZARA Sunrise On The Red Sand Dunes (Mylene Alran) 3.4oz (100ml) EDP Spray SEALED,48.97,US,4.0,30.0,2024-05-13 02:58:59,"Matosinhos, Portugal",1469.1,34.0
Tommy Bahama,Tommy Bahama Maritime Deep Blue for Men 4.2 oz 125 ML Cologne Spray NEW AS PIC**,25.99,US,6.0,209.0,2024-05-20 06:16:20,"TX, United States",5431.91,215.0
Guerlain,Guerlain Imperiale For Men 3.3 FL OZ /100ml Eau De Cologne New Sealed Box,96.95,US,2.0,6.0,2024-05-15 23:13:02,"Miami, Florida, United States",581.7,8.0
AS SHOW,Bleu De Paris Perfume 3.4Oz Eau De Parfum Cologne for Men Spray New With Box,74.99,US,2.0,4.0,2024-05-23 16:32:28,"Dayton, New Jersey, Hong Kong",299.96,6.0
Lattafa,Hayaati by Lattafa 100 ml 3.4 EDP Perfume for Men Brand New sealed Free shipping,23.89,US,9.0,14.0,2024-05-16 14:46:48,"Bethpage, New York, United States",334.46000000000004,23.0
Mancera,Original MANCERA CEDRAT BOISE 4 oz (120 ml) EDP Spray NEW & SEALED,69.97,US,8.0,30.0,2024-05-22 09:17:29,"Englewood, New Jersey, United States",2099.1,38.0
Unbranded,Men's Pheromone-Infused Perfume-Cupid Hypnosis Cologne Fragrances Charm Toilette,15.99,US,10.0,45.0,2024-05-23 19:54:34,"Houston, Texas, United States",719.55,55.0
PRADA,Lhomme / Prada EDT Spray 1.7 oz (50 ml) (m),66.55,US,3.0,7.0,2024-05-24 08:44:38,"Brooklyn, New York, United States",465.84999999999997,10.0
Givenchy,Givenchy Men's Gentleman EDT Spray 3.3 oz (Tester) Fragrances 3274872441071,48.87,US,3.0,8.0,2024-05-20 20:44:28,"Brooklyn, New York, United States",390.96,11.0
GIVENCHY,GIVENCHY GENTLEMAN RESERVE PRIVEE EAU DE PARFUM SPRAY MEN 2.0 Oz / 60 ml NEW!!!,72.99,US,8.0,180.0,2024-05-16 14:16:01,"Philadelphia, Pennsylvania, United States",13138.199999999999,188.0
Afnan,Afnan Men's Turathi Brown EDP Spray 3.0 oz Fragrances 6290171070603,31.95,US,3.0,5.0,2024-05-23 11:50:59,"Brooklyn, New York, United States",159.75,8.0
Creed,Creed Aventus by Creed EDP Cologne for Men 1.7 oz New In Box,188.3,US,0.0,266.0,2024-05-23 23:46:32,"Hackensack, New Jersey, United States",50087.8,266.0
Dolce&Gabbana,K by Dolce and Gabbana for Men - 3.3 oz EDP Spray,55.45,US,3.0,11.0,2024-05-22 11:50:40,"Brooklyn, New York, United States",609.95,14.0
Nautica,Nautica Voyage Heritage by Nautica 3.4 oz EDT Cologne for Men New In Box,18.33,US,10.0,1332.0,2024-05-22 09:47:13,"Hackensack, New Jersey, United States",24415.559999999998,1342.0
Giorgio Armani,Armani Acqua Di Gio Parfum Refillable for Men 4.2 Oz / 125ml,123.99,US,19.0,5.0,2024-05-16 17:44:35,"Miami, Florida, United States",619.9499999999999,24.0
GIVENCHY,GIVENCHY GENTLEMAN SOCIETY EXTREME EAU DE PARFUM SPRAY FOR MEN 2.0 Oz / 60 ml,70.0,US,0.0,2.0,2024-05-03 11:43:56,"Franklin Square, New York, United States",140.0,2.0
Assorted,Men's Cologne Sample Spray Vials - Choose Scent Combined Shipping,3.5,US,4.0,3009.0,2024-05-23 09:24:03,"Pearland, Texas, United States",10531.5,3013.0
Unbranded,New 2024 Sexy Cologne Cupid Hypnosis Long Lasting Pheromone Perfume for Men US,10.99,US,10.0,38.0,2024-05-20 23:42:53,"Los Angeles, California, United States",417.62,48.0
AXE,Axe Deodorant Body Spray Anarchy For Him Men's Fragrance 150ml -PACK OF 12,42.99,US,4.0,26.0,,"Whittier, California, United States",1117.74,30.0
Emporio Armani,Stronger With You by Emporio Armani 3.3 oz. Eau de Toilette Spray Men Sealed Box,71.9,US,10.0,244.0,2024-05-23 16:30:10,"Katy, Texas, United States",17543.600000000002,254.0
Salvatore Ferragamo,Salvatore Ferragamo Men's Uomo Urban Feel EDT Spray 3.4 oz Fragrances,32.89,US,3.0,5.0,2024-05-19 09:08:53,"Brooklyn, New York, United States",164.45,8.0
As Show,Versace Pour Homme Dylan Blue EDT Cologne for Men 3.4 oz New in Box,38.99,US,9.0,37.0,2024-05-23 17:35:18,"New York,United States, Hong Kong",1442.63,46.0
Does not apply,Perfume For Men With Pheromones To Attract Women Fragrance Cologne Masculino,16.34,US,5.0,103.0,2024-05-23 13:46:24,"Plano, Texas, United States",1683.02,108.0
Issey Miyake,Fusion D'issey Extreme by Issey Miyake men EDT intense 3.3 / 3.4  oz New In Box,44.61,US,54.0,27.0,2024-05-08 07:49:55,"Dallas, Texas, United States",1204.47,81.0
Kenneth Cole,Kenneth Cole For Him by kenneth Cole cologne EDT 3.3 / 3.4 oz New Tester,18.66,US,26.0,58.0,2024-05-06 23:28:14,"Dallas, Texas, United States",1082.28,84.0
HERMÈS,Eau D'Orange Verte by Hermes Cologne for Men 3.3 / 3.4 oz New In Box,62.62,US,3.0,335.0,2024-05-23 07:17:14,"Hackensack, New Jersey, United States",20977.7,338.0
Tiffany,Tiffany Love for Him 3 oz Eau de Toilette EDT Perfume for Men Spray New In Box,49.99,US,3.0,19.0,2024-05-01 23:21:12,"California or Hong Kong, Hong Kong",949.8100000000001,22.0
Yves Saint Laurent,YSL La Nuit De L’Homme Bleu Electrique EDT INTENSE 3.3OZ/100ML RARE & NEW IN BOX,178.99,US,0.0,77.0,2024-05-22 16:37:14,"Austin, Texas, United States",13782.230000000001,77.0
emper,Big Ben London Blanc  By Emper Eau De Perfume 2.8 fl Oz./85ml,29.95,US,4.0,2.0,,"Dallas, Texas, United States",59.9,6.0
Yves Saint Laurent,Y by Yves Saint Laurent Eau De Parfum Spray 3.3 /3.4 oz Men Sealed!!!,58.99,US,8.0,22.0,2024-05-21 00:24:47,"Grand Rapids, Michigan, United States",1297.78,30.0
Ed Hardy,Ed Hardy Born Wild Eau De Toilette Spray 3.4oz./100ml (Scuffs & Scratches)No Cap,40.95,US,3.0,14.0,2024-04-26 08:32:12,"Pompano Beach, Florida, United States",573.3000000000001,17.0
Maison Francis Kurkdjian,Maison Francis Kurkdjian Amyris Pour Homme Eau de Toilette 2.4 Fl Oz,159.99,US,4.0,2.0,2024-05-17 11:43:56,"Shepherdsville, Kentucky, United States",319.98,6.0
Gucci,Gucci Guilty Black for Men Cologne 3.0 oz edt NEW IN BOX,71.98,US,0.0,100.0,2024-05-24 06:21:19,"Dallas, Texas, United States",7198.0,100.0
Giorgio Armani,Giorgio Armani Aqua Di Gio 3.4 oz Men's Eau de Toilette Spray New,29.99,US,10.0,61.0,2024-05-11 02:03:08,"Houston, Texas, United States",1829.3899999999999,71.0
MONTALE,WOOD & SPICE Montale for men 3.4 OZ New Box,59.0,US,6.0,4.0,2024-05-23 17:42:12,"Irving, Texas, United States",236.0,10.0
Creed,Creed Aventus For Men Travel Size Pack of 2 Rollerball By Y.Z.Y Scents,9.96,US,10.0,266.0,2024-05-08 18:36:48,"Jamaica, New York, United States",2649.36,276.0
BRUT,Brut 7oz Classic Scent Splash-on Cologne (Pack of 2),19.97,US,4.0,15.0,2024-05-20 21:21:03,"San Diego, California, United States",299.54999999999995,19.0
SECERTMU,Men's Perfume Pheromone- Infused Cupid Hypnosis Cologne Fragrances Charm Spray！,12.99,US,10.0,10.0,2024-05-21 19:32:52,"San Francisco, California, United States",129.9,20.0
Dolce&Gabbana,LIGHT BLUE FOREVER Cologne for men Dolce & Gabbana 0.33 oz/10 ml EDP Spray unbox,18.89,US,10.0,125.0,2024-05-24 08:50:11,"New York, New York, United States",2361.25,135.0
Bvlgari,Bvlgari Man In Black Eau De Parfum 0.5 oz/15 Ml Spray New In Box,29.99,US,10.0,25.0,2024-03-06 12:02:36,"Keyport, New Jersey, United States",749.75,35.0
CHRISTIAN DIOR,"DIOR SAUVAGE ELIXER / Elixir Mini Spray for Men, New, .25 Oz. Free Shipping",27.5,US,10.0,29.0,2024-05-23 14:34:55,"Orma, West Virginia, United States",797.5,39.0
Dolce&Gabbana,K by Dolce & Gabbana 3.4 oz Eau De Toilette King Cologne Spray for Men New,34.99,US,4.0,48.0,2024-05-12 09:22:09,"Pomona,California, Hong Kong",1679.52,52.0
Issey Miyake,"L'eau D'issey Intense by Issey Miyake, 2.5 oz EDT Spray for Men",24.35,US,10.0,88.0,2024-05-24 10:21:23,"Edison, New Jersey, United States",2142.8,98.0
Moschino,New in Box Men's Perfume Toy Boy by Moschino Eau De Parfum EDP Spray 3.4oz/100ml,34.99,US,9.0,3.0,2024-05-21 19:21:40,"Houston, Texas, United States",104.97,12.0
Bond No. 9,"Bond No. 9 Governors Island by Bond No. 9, 3.3 oz EDP Spray for Men",160.27,US,3.0,47.0,2024-05-23 08:01:21,"Edison, New Jersey, United States",7532.6900000000005,50.0
Kenneth Cole,Tester Men Kenneth Cole Mankind Hero by Kenneth Cole 3.4 oz New No Cap,24.5,US,10.0,415.0,2024-05-07 07:48:23,"Orlando, Florida, United States",10167.5,425.0
Fragrance World,Fragrance World Men's Alpha EDP Spray 3.4 oz Fragrances 6290360373317,32.89,US,3.0,8.0,2024-05-24 08:56:44,"Brooklyn, New York, United States",263.12,11.0
John Varvatos,XX Artisan by John Varvatos cologne for men EDT 4.2 oz New Tester,29.2,US,21.0,121.0,2024-05-24 07:22:11,"Dallas, Texas, United States",3533.2,142.0
Blue Perfumes,JPG le male inspiration Blue for Men Eau De Toilette 4.2 oz / 125 ml,16.99,US,0.0,3.0,2024-05-17 19:44:33,"20744, United States",50.97,3.0
Hugo Boss,Reversed by Hugo Boss cologne for men EDT 4.2 oz New in Box,29.78,US,0.0,604.0,2024-05-23 03:00:09,"Dallas, Texas, United States",17987.12,604.0
Al Haramain,L'aventure Knight by Al Haramain cologne for men EDP 3.3 / 3.4 oz New in Box,30.93,US,65.0,998.0,2024-05-21 22:39:17,"Dallas, Texas, United States",30868.14,1063.0
Creed,Creed Silver Mountain Water by Creed 3.3 oz Perfume Cologne for Men New In Box,180.17,US,0.0,327.0,2024-05-24 08:16:13,"Hackensack, New Jersey, United States",58915.59,327.0
Boucheron,JAIPUR Homme by Boucheron cologne 3.3 / 3.4 oz EDP For Men New in Box,35.58,US,0.0,1024.0,2024-05-16 08:36:58,"Dallas, Texas, United States",36433.92,1024.0
fragance one,Office For Men Fragrance One By Jeremy Fragrance 100ml - 3.3oz 3.4oz NEW $250,179.99,US,5.0,5.0,2024-05-21 01:44:29,"West Chester, Pennsylvania, United States",899.95,10.0
Armaf,Armaf Tag Him Uomo Rosso Red Eau De Parfum 100ml,45.35,US,2.0,1.0,2024-05-23 01:40:32,"DELHI, DELHI, India",45.35,3.0
Paco Rabanne,Invictus Victory Elixir by Paco Rabanne 3.4oz Parfum Intense Men NEW SEALED Box,99.99,US,6.0,50.0,2024-05-21 23:36:30,"North Brunswick, New Jersey, United States",4999.5,56.0
Paco Rabanne,Paco Rabanne Pure XS Night 3.4 oz 100 ml EDP  Spray in white box. Discontinued.,69.99,US,10.0,13.0,2024-02-28 07:26:54,"Keyport, New Jersey, United States",909.8699999999999,23.0
Elixir,Christian Dior Sauvage Elixir Men EDC Spray 2 oz Sealed.,110.19,US,10.0,11.0,2024-05-23 21:56:47,"Corona, California, United States",1212.09,21.0
Michael Malul Gents Scents,Edgewater 3.4 EDP Michael Malul Gents Scents,99.86,US,3.0,4.0,2024-05-22 19:01:37,"Brooklyn, New York, United States",399.44,7.0
Xerjoff,Mefisto Gentiluomo by Xerjoff EDP for Men 2ml Vial Spray New Factory Sealed,11.0,US,3.0,47.0,2024-05-16 15:22:05,"Fort Walton Beach, Florida, United States",517.0,50.0
Guerlain,VETIVER by Guerlain 4 ml/ 0.13 oz Eau de Cologne MINI Splash VINTAGE New,12.0,US,7.0,22.0,2024-05-13 05:49:38,"Punta Gorda, Florida, United States",264.0,29.0
Ralph Lauren,"Ralph Lauren Polo Black - Bold 4.2oz Men's EDT, New in Sealed Box",31.99,US,6.0,15.0,2024-05-13 09:33:41,"Dearborn Heights, Michigan, United States",479.84999999999997,21.0
Polo Ralph Lauren,Polo RALPH LAUREN Red Parfum 0.34 .34 oz 10 ml travel spray NEW 2024,8.99,US,4.0,8.0,2024-04-22 05:34:36,"Saint Petersburg, Florida, United States",71.92,12.0
united scents,Men's  Perfume Black Intense 3.4 Fl Oz Parfum Fragrance,14.99,US,10.0,20.0,2024-05-18 15:52:35,"Arcadia, California, United States",299.8,30.0
Burberry,BURBERRY LONDON By Burberry 3.3 / 3.4 oz EDT cologne For Men New in Box,39.25,US,10.0,30.0,2024-05-23 05:20:25,"Dallas, Texas, United States",1177.5,40.0
Jimmy Choo,"Jimmy Choo Man, Aqua, Blue, Intense Collection Sample Size (4pcs)",16.5,US,5.0,67.0,2024-05-23 12:09:40,"Roseville, California, United States",1105.5,72.0
Cologne,PACO RABANNE Phantom Parfum 0.17oz/5mL Mens - Mini Size Cologne - New In Box!,24.99,US,0.0,2.0,,"Lynnwood, Washington, United States",49.98,2.0
Avon,sensus ultra colonia de avon para caballero elije tu favorita 100% original,34.99,US,10.0,577.0,2024-05-17 12:17:44,"Austin, Texas, United States",20189.23,587.0
Jimmy Choo,Jimmy Choo Man Intense by Jimmy Choo Eau De Toilette Spray 3.3 oz Men,68.72,US,10.0,55.0,2024-05-23 02:11:39,"Ann Arbor, Michigan, United States",3779.6,65.0
Unbranded,3.4 oz/100mL Eau de Toilette Spray Brand New for Giorgio Armani Acqua Di Gio,25.89,US,10.0,4.0,2024-05-09 22:38:22,"Brooklyn, New York, United States",103.56,14.0
Bvlgari,Bvlgari Le Gemme Tygar 3.4oz Men's Eau de Parfum,250.0,US,0.0,0.0,,"Paterson, New Jersey, United States",0.0,0.0
Yves Saint Laurent,Y YSL YVES SAINT LAURENT EAU DE TOILETTE 0.25 Fl. Oz. 7.5 Ml. COLLECTIBLE MINI,16.95,US,10.0,69.0,2023-09-15 06:32:59,"Stafford, Texas, United States",1169.55,79.0
Giorgio Armani,Armani Code by Giorgio Armani 4.2 oz EDT Cologne for Men Factory Sealed,36.5,US,3.0,185.0,2024-05-23 23:20:00,"Battle Creek, Michigan, United States",6752.5,188.0
Creed,2X Creed Millesime Imperial Men Sample Vial 0.08 oz 2.5 ml Eau De Parfum Spray,15.95,US,6.0,30.0,2024-02-26 12:33:18,"Midway City, California, United States",478.5,36.0
Calvin Klein,Escape For Men by Calvin Klein Eau De Toilette ~ 3.3 FL OZ ~ Sealed ~ AUTHENTIC,24.95,US,6.0,8.0,,"Oneida, Tennessee, United States",199.6,14.0
Unbranded,Cologne Fragrance Aluminum Car Air Freshener for Men Modern Vent-Clip universal,7.19,US,10.0,131.0,2024-04-17 23:41:54,"Houston, Texas, United States",941.8900000000001,141.0
YSL,YSL Yves Saint Laurent Y Eau de Perfume  100ml / 3.3 oz Men Cologne Sealed Box,44.99,US,10.0,13.0,2024-05-15 17:42:12,"Edison, New Jersey, Hong Kong",584.87,23.0
Pierre Cardin,Pierre Cardin For Men EDC Spray Cologne 1oz Unboxed New,9.45,US,10.0,56.0,2024-05-23 16:11:19,"Boynton Beach, Florida, United States",529.1999999999999,66.0
Paco Rabanne,Paco Rabanne Invictus Cologne EDT 3.4oz Sealed Victory Scent Power,39.99,US,10.0,5.0,2024-05-24 07:13:32,"Detroit, Michigan, United States",199.95000000000002,15.0
Unbranded,"Cupid II Charm Toilette for Men,Pheromone-Infused Perfume Cologne Fragrances NEW",15.99,US,10.0,81.0,2024-05-24 08:53:14,"Houston, Texas, United States",1295.19,91.0
Bharara,Double Bleu by Bharara cologne for men EDP 3.3 / 3.4 oz New In Box,54.85,US,9.0,8.0,2024-05-16 09:13:11,"Dallas, Texas, United States",438.8,17.0
as showed,Givenchy Gentleman Reserve Privee 3.38oz 100ml EDP Cologne Mens Spray NEW in Box,42.39,US,10.0,4.0,2024-05-20 19:16:37,"California,United States,HK, Hong Kong",169.56,14.0
aladdin,Santa fe cologne spray for men  by Aladdin 1.7 oz,28.99,US,8.0,3.0,,"Port Orange, Florida, United States",86.97,11.0
Giorgio Armani,Giorgio Armani Code Profumo Men 3.7 oz 110 ml New Sealed in Box,84.99,US,10.0,8.0,2024-05-23 08:08:50,"Detroit, Michigan, United States",679.92,18.0
Hermes,Hermes Men's Terre D'Hermes Parfum Spray 0.42 oz Fragrances 3346131402519,28.19,US,3.0,6.0,2024-05-20 11:56:38,"Brooklyn, New York, United States",169.14000000000001,9.0
Salvatore Ferragamo,Salvatore Ferragamo Intense Leather Eau de Parfum for Men 1.0 Oz / 30ml,26.99,US,3.0,14.0,2024-05-19 17:29:51,"Miami, Florida, United States",377.85999999999996,17.0
Rasasi,Hawas by Rasasi 3.4oz EDP for Men NEW SEALED Box,49.5,US,10.0,2.0,,"Miami, Florida, United States",99.0,12.0
Dolce&Gabbana,K by Dolce & Gabbana KING cologne for men EDT 5 oz New in Box,56.99,US,68.0,993.0,2024-05-14 15:34:41,"Dallas, Texas, United States",56591.07,1061.0
Bvlgari,Bvlgari Aqva Marine Pour Homme 3.4 oz EDT Cologne for Men Tester,64.02,US,2.0,10.0,2024-05-19 17:40:35,"Hackensack, New Jersey, United States",640.1999999999999,12.0
Hanae Mori,Hanae Mori HiM Men’s Eau de Toilette 10 Sprays 1.2ml Each *NEW* *FREE SHIPPING*,15.39,US,5.0,1.0,2024-05-22 19:42:23,"Houston, Texas, United States",15.39,6.0
Phillips-Van Heusen,Izod by Phillips-Van Heusen 3.4 oz / 100 ml Edt spy cologne for men pour homme,21.25,US,10.0,504.0,2024-05-17 09:32:46,"Lynwood, California, United States",10710.0,514.0
Elizabeth Taylor,Elizabeth Taylor PASSION Cologne Spray for Men 4 oz,17.17,US,0.0,4.0,2024-05-24 07:15:49,"Ontario, California, United States",68.68,4.0
Polo Ralph Lauren,Ralph Lauren Polo Red Extreme Parfum for Men 4.2 oz 125 ml  New open white box.,103.2,US,9.0,5.0,2024-05-01 15:10:55,"Seattle, Washington, United States",516.0,14.0
Gucci,Gucci Guilty Black 3.0 oz EDT Cologne for Men New Tester,68.3,US,0.0,137.0,2024-05-24 07:59:03,"Hackensack, New Jersey, United States",9357.1,137.0
Carolina Herrera,Carolina Herrera Bad Boy Dazzling Garden 3.3/3.4 oz Eau De Toilette 100ml (NWOB),65.99,US,10.0,17.0,2024-04-29 18:20:43,"El Cajon, California, United States",1121.83,27.0
Ralph Lauren,Polo Cologne Intense by Ralph Lauren for men EDC 4.0 oz New in Box,41.44,US,84.0,145.0,2024-05-20 23:05:25,"Dallas, Texas, United States",6008.799999999999,229.0
Bath & Body Works,Bath & Body Works Men's Collection Fragrance Cologne Body Spray 3.7 oz Choose 1,10.91,US,0.0,654.0,2024-05-16 00:14:43,"Modesto, California, United States",7135.14,654.0
Dossier,AQUATIC LIME mens DOSSIER fragrance EDT for Acqua Di Gio 1.7oz 50ml,18.99,US,10.0,14.0,2024-05-17 11:37:40,"Bogota, New Jersey, United States",265.85999999999996,24.0
Lalique,Encre Noire A L'extreme by Lalique cologne for him EDP 3.3 / 3.4 oz New Tester,25.74,US,5.0,7.0,2024-05-14 11:28:23,"Dallas, Texas, United States",180.17999999999998,12.0
Givenchy,GENTLEMEN ONLY by Givenchy Cologne 3.3 / 3.4 oz EDT Cologne For Men New in Box,50.44,US,13.0,636.0,2024-05-24 08:09:07,"Dallas, Texas, United States",32079.84,649.0
Afnan,Afnan 9 PM Men Sample Vial 0.09 oz 3 ml Eau De Parfum Spray On Card,6.94,US,10.0,131.0,2024-05-20 14:10:33,"Midway City, California, United States",909.1400000000001,141.0
AS SHOWN,Eros Flame ByVERSACE Spray 3.4oz/100ml Fragrance Cologne For Men NIB,36.99,US,10.0,12.0,2024-05-23 19:46:45,"ShenZhen, China",443.88,22.0
Xerjoff,Naxos By Xerjoff Vial Spray 2ml New Sealed,11.99,US,4.0,442.0,2024-05-22 00:57:56,"Fort Walton Beach, Florida, United States",5299.58,446.0
Jaguar,Jaguar Classic Motion by Jaguar Cologne 3.4 / 3.3 oz Men edt NEW IN BOX,14.57,US,54.0,63.0,2024-05-19 12:27:34,"Dallas, Texas, United States",917.91,117.0
Al Rehab,WITHOUT BOX - 50ml (1.65 fl oz) Al Rehab Choco Musk Concentrated Perfume Oil,8.99,US,7.0,76.0,2024-03-22 06:23:29,"Lynbrook, New York, United States",683.24,83.0
Cologne,New 10x New Random Unique Men's Fragrance Cologne Sample Set Christimas Gift Set,19.9,US,0.0,331.0,2023-11-21 08:32:55,"Stony Brook, New York, United States",6586.9,331.0
BOD man,"BOD Man Fragrance Body Spray, Black, 8 fl oz Fresh Free Shipping",9.99,US,3.0,32.0,2024-05-22 17:01:35,"Multiple Locations, United States",319.68,35.0
Diesel,Diesel Only The Brave by Diesel EDT Cologne for Men 6.7 oz New In Box,56.0,US,3.0,677.0,2024-05-20 15:18:21,"Hackensack, New Jersey, United States",37912.0,680.0
Amouage,Amouage Interlude by Amouage 3.4 oz EDP Cologne for Men New In Box,166.18,US,10.0,78.0,2024-05-22 07:34:36,"Hackensack, New Jersey, United States",12962.04,88.0
Ralph Lauren,Polo Blue by Ralph Lauren EDT for Men 2.5oz - 75ml *NEW IN SEALED BOX*,29.99,US,10.0,60.0,2024-05-10 07:19:49,"Miami, Florida, United States",1799.3999999999999,70.0
Rasasi,Rasasi It's Essential for Men Long Lasting Eau De Parfum- 100ml- FREE SHIPPING,38.0,US,8.0,12.0,2024-05-17 18:15:39,"DELHI, DELHI, India",456.0,20.0
Bvlgari,Bvlgari Man In Black Made Stronger With Pheromones For Super Sexy Scent Trails!,16.48,US,10.0,24.0,2024-05-19 18:22:54,"Austell, Georgia, United States",395.52,34.0
Armaf,Armaf club de nuit UNTOLD 6.7oz/200ml Eau de Parfum Unisex Spray - New & Sealed,85.0,US,10.0,10.0,2024-04-24 15:40:00,"Houston, Texas, United States",850.0,20.0
Armaf,Armaf Odyssey Mandarin Sky Eau De Parfum for Men 100ml - FREE SHIPPING,41.0,US,8.0,397.0,2024-05-16 08:19:57,"DELHI, DELHI, India",16277.0,405.0
Dana,Women TABU by DANA 2.3 oz EDC Spray New In Box (NOT 3.0),14.99,US,10.0,647.0,2024-02-16 20:33:33,"Orlando, Florida, United States",9698.53,657.0
Carolina Herrera,HERRERA FOR MEN * Carolina Herrera Cologne * EDT * 6.7 / 6.8 oz * NEW IN BOX,66.52,US,10.0,1963.0,2024-05-15 10:37:08,"Hackensack, New Jersey, United States",130578.76,1973.0
Giorgio Armani,Lot of 12 - Acqua Di Gio Profondo - Men's Luxury Cologne Samples - EDP - Armani,24.0,US,3.0,2.0,,"Arlington Heights, Illinois, United States",48.0,5.0
Diesel,D By Diesel by Diesel Eau De Toilette Spray 3.4oz/100ml for Men WITHOUT BOX,26.99,US,8.0,21.0,2024-05-17 11:34:20,"Bogota, New Jersey, United States",566.79,29.0
Dvyne Fragrances,Assorted Body Oils - 100% Pure Uncut Fragrances - 1/3 Oz Roll-Ons For Men,8.0,US,10.0,1113.0,2024-05-22 08:22:07,"Fort Lauderdale, Florida, United States",8904.0,1123.0
Parfums de Marly,PDM PARFUMS DE MARLY LAYTON EXCLUSIF 1.5ml .05fl oz x 1 COLOGNE SPRAY SAMPLE,12.0,US,10.0,19.0,,"Albany, New York, United States",228.0,29.0
Afnan,Supremacy Incense by Afnan cologne for men EDP 3.3 / 3.4 oz New in Box,24.35,US,110.0,692.0,2024-05-21 23:18:09,"Dallas, Texas, United States",16850.2,802.0
Lapidus,LAPIDUS pour Homme by Ted Lapidus Cologne 3.3 oz EDT 3.4 Men New in Box,20.08,US,29.0,518.0,2024-04-23 03:57:22,"Dallas, Texas, United States",10401.439999999999,547.0
Arabian Oud,Arabian Oud - Arabian Knight EDP For Men 3.4 oz/100ML,99.63,US,3.0,13.0,2024-05-22 09:26:42,"Brooklyn, New York, United States",1295.19,16.0
Emporio Armani,Emporio Armani Stronger With You ABSOLUTELY 1.7oz.Parfum Spray New in Sealed Box,74.99,US,10.0,82.0,2024-05-23 05:39:50,"Katy, Texas, United States",6149.179999999999,92.0
Armaf,Hunter by Armaf cologne for men EDP 3.3 / 3.4 oz New in Box,23.62,US,130.0,415.0,2024-05-22 09:23:27,"Dallas, Texas, United States",9802.300000000001,545.0
Perry Ellis,360 Red by Perry Ellis 6.7 / 6.8 oz EDT Cologne for Men New In Box,40.13,US,9.0,2703.0,2024-05-22 15:05:34,"Hackensack, New Jersey, United States",108471.39000000001,2712.0
Ralph Lauren,Polo Black by Ralph Lauren EDT 2.5 oz - 75 ml *NEW IN SEALED BOX*,28.99,US,10.0,180.0,2024-03-18 09:08:20,"Miami, Florida, United States",5218.2,190.0
Zara,ZARA  8.0 SUMMER Eau Dau Toilette 100 ML,15.0,US,2.0,3.0,2024-05-09 21:13:54,"Houston, Texas, United States",45.0,5.0
Al Haramain,L'aventure Intense by Al Haramain for men EDP 3.4 oz New in Box,31.98,US,10.0,12.0,2024-05-23 11:09:04,"North Brunswick, New Jersey, United States",383.76,22.0
Rasasi,RASASI Hawas Ice For Men EDP - 100Ml (3.4Oz),78.0,US,6.0,27.0,2024-05-20 13:03:25,"Astoria, New York, United States",2106.0,33.0
Sterling,"Club De Nuit Intense by Armaf, 6.8 oz EDP Spray for Men",53.42,US,10.0,4.0,2024-05-24 08:49:52,"Edison, New Jersey, United States",213.68,14.0
Falic Fashion Group,"Perry Ellis for Men 5.0 oz/150 ml Eau de Toilette Spray Men, Discontinued!",29.98,US,7.0,14.0,2024-05-05 09:23:49,"Burlington, Ontario, Canada",419.72,21.0
HUGO BOSS,BOSS THE SCENT by HUGO BOSS Cologne for Men edt 3.3 oz 3.4 tester,47.26,US,88.0,52.0,2024-05-09 11:34:50,"Dallas, Texas, United States",2457.52,140.0
Giorgio Armani,Emporio Armani Stronger With You Intensely 3.3oz EDP Spray for Men in Sealed Box,94.99,US,10.0,420.0,2024-05-23 23:31:35,"Katy, Texas, United States",39895.799999999996,430.0
Prada,"Prada Luna Rossa Carbon by Prada, 3.4 oz EDT Spray for Men",76.65,US,10.0,30.0,2024-05-23 08:58:49,"Edison, New Jersey, United States",2299.5,40.0
Diesel,Diesel Fuel For Life for MEN Cologne 2.5 oz edt Spray NEW IN BOX,29.74,US,19.0,578.0,2024-05-16 21:09:42,"Dallas, Texas, United States",17189.719999999998,597.0
Jimmy Choo,Jimmy Choo Man Intense 3.3 / 3.4 oz EDT Cologne for Men Tester,36.99,US,4.0,16.0,2024-05-23 20:57:06,"Melissa, Texas, United States",591.84,20.0
Michel Germain,Sexual pour homme by Michel Germain cologne EDT 4.2 oz New in Box,41.19,US,21.0,258.0,2024-05-24 09:22:09,"Dallas, Texas, United States",10627.019999999999,279.0
Gianni Versace,"NEW Versace Eros , Gianni Versace 6.7oz 200ml EDT Cologne for Men SEALED GENUINE",69.25,US,3.0,19.0,2024-05-22 04:50:01,"Selinsgrove, Pennsylvania, United States",1315.75,22.0
Lalique,Lalique by Lalique cologne for men EDP 4.2 oz New in Box,31.47,US,48.0,397.0,2024-04-24 22:58:09,"Dallas, Texas, United States",12493.59,445.0
The Baron,The Baron For Gentleman Cologne Natural Atomizer 4.5 FL OZ NEW,34.99,US,3.0,1.0,2023-11-12 12:18:20,"Canton, Michigan, United States",34.99,4.0
Jean Paul Gaultier,Scandal Cologne by Jean Paul Gaultier 3.4 oz. EDT Pour Homme Spray NO BOX,55.99,US,10.0,368.0,2024-05-22 14:25:46,"Katy, Texas, United States",20604.32,378.0
Liz Claiborne,Candie's Man by Liz Claiborne 3.4 oz EDT Cologne for Men New In Box,18.32,US,10.0,211.0,2024-05-22 17:14:56,"Hackensack, New Jersey, United States",3865.52,221.0
Nina Ricci,Signoricci for Men by Nina Ricci EDT Splash1.7 fl oz New Sealed Box.Vintage.Rare,120.0,US,3.0,7.0,2024-05-14 13:13:29,"Argyle, Texas, United States",840.0,10.0
Vince Camuto,Vince Camuto Virtu by Vince Camuto 3.4 oz EDT Cologne for Men Brand New Tester,21.21,US,8.0,300.0,2024-05-14 16:12:02,"Hackensack, New Jersey, United States",6363.0,308.0
Givenchy,Givenchy Gentleman Reserve Privee 3.3 oz Eau de Parfum Spray for Men. Sealed Box,80.0,US,10.0,197.0,2024-05-24 03:20:57,"Katy, Texas, United States",15760.0,207.0
Cartier,Declaration Haute Fraicheur by Cartier 3.3 oz EDT Cologne for Men Tester,49.52,US,10.0,20.0,2024-05-11 20:45:30,"Hackensack, New Jersey, United States",990.4000000000001,30.0
Dolce&Gabbana,Light Blue by Dolce & Gabbana D&G 6.7 oz EDT Cologne for Men New In Box,54.99,US,2.0,45.0,2022-10-20 18:26:14,"Bellaire, Texas, United States",2474.55,47.0
Dolce&Gabbana,"Dolce & Gabbana ""K (KING) INTENSE"",3.3oz, Men, EDP, Spray,2024, Sealed",91.0,US,3.0,1.0,2024-05-02 19:37:12,"Manor, Texas, United States",91.0,4.0
BRUT,Original Fragrance Cologne by Brut for Men - 5 oz Cologne,9.78,US,50.0,8.0,2024-05-23 13:21:23,"Ronkonkoma, New York, United States",78.24,58.0
Maison Margiela,Replica Sailing Day by Maison Margiela 3.4 oz EDT Perfume Cologne New In Box,84.98,US,8.0,42.0,2024-05-21 07:56:03,"Hackensack, New Jersey, United States",3569.1600000000003,50.0
Mercedes Benz,"Mercedes Benz Intense by Mercedes Benz, 4 oz EDT Spray for Men",41.87,US,8.0,21.0,2024-05-23 08:57:02,"Edison, New Jersey, United States",879.27,29.0
Unbranded,VERSE ADONIS Pour Homme cologne for men 3.4oz,13.99,US,10.0,9.0,2024-04-28 20:19:23,"Dearborn, Michigan, United States",125.91,19.0
Carolina Herrera,Bad Boy Le Parfum by Carolina Herrera 3.4 oz. EDP Spray for Men New NO BOX,59.99,US,10.0,496.0,2024-05-19 16:41:48,"Katy, Texas, United States",29755.04,506.0
Hollister,Hollister Festival Vibes 3.4 oz EDT Cologne for Men Brand New In Box,18.76,US,5.0,227.0,2024-05-20 20:39:02,"Hackensack, New Jersey, United States",4258.52,232.0
Juicy Couture,Dirty English by Juicy Couture EDT Cologne for Men 3.4 oz New In Box,22.6,US,9.0,541.0,2024-05-24 07:10:03,"Hackensack, New Jersey, United States",12226.6,550.0
Polo Ralph Lauren,Polo Blue by Ralph Lauren EDT Spray 4.2 oz for men Factory Sealed in Box,33.0,US,4.0,401.0,2024-05-23 05:29:20,"Chico, California, United States",13233.0,405.0
Cuba,Cuba Brazil By Cuba cologne for men EDT 3.3 / 3.4 oz New in Box,10.58,US,31.0,391.0,2024-05-23 18:45:09,"Dallas, Texas, United States",4136.78,422.0
Michael Jordan,Michael Jordan by Michael Jordan 3.4 oz Cologne Spray for Men New In Box,20.48,US,0.0,2624.0,2024-05-22 21:41:09,"Hackensack, New Jersey, United States",53739.520000000004,2624.0
Yves de Sistelle,Thallium Anonymous by Yves de Sistelle Cologne Men EDT 3.3 / 3.4 oz New In Box,18.84,US,47.0,674.0,2024-05-21 07:27:08,"Dallas, Texas, United States",12698.16,721.0
Perry Ellis,"Perry Ellis 360 Red by Perry Ellis, 6.8 oz EDT Spray for Men",40.72,US,10.0,232.0,2024-05-24 07:58:54,"Edison, New Jersey, United States",9447.039999999999,242.0
Givenchy,Gentleman Boisee by Givenchy cologne for men EDP 3.3 / 3.4 oz New in Box,73.52,US,4.0,8.0,2024-05-08 06:01:12,"Dallas, Texas, United States",588.16,12.0
Mandarin Duck,Mandarina Duck Black 3.4oz EDT Spray For Men New Choose Your Box (Regular/TSTR),27.99,US,10.0,75.0,2022-11-02 03:03:01,"Edison, New Jersey, United States",2099.25,85.0
Franck Olivier,Blue Touch By Franck Olivier Men Cologne 3.3oz 100ml Edt New,24.25,US,10.0,177.0,2024-05-22 12:42:51,"North Brunswick, New Jersey, United States",4292.25,187.0
Dolce&Gabbana,Dolce & Gabbana Cologne For Men Eau De Toilette Spray 2.5oz./75ml **NIB**,27.99,US,7.0,24.0,,"Des Moines, Iowa, United States",671.76,31.0
GUESS,Guess 1981 by Guess cologne for men EDT 3.3 / 3.4 oz New in Box,20.28,US,45.0,1613.0,2024-05-24 08:14:07,"Dallas, Texas, United States",32711.640000000003,1658.0
Armaf,Club de Nuit Intense by Armaf cologne for men EDT 3.6 oz New in Box,30.58,US,10.0,31.0,2024-05-23 08:39:30,United States,947.9799999999999,41.0
Paco Rabanne,Invictus by Paco Rabanne for Men EDT Spray 3.4 oz / 100 ml New In Box,39.99,US,2.0,305.0,2024-05-23 15:27:18,"Jamaica, New York, United States",12196.95,307.0
Lomani,"Lomani EDT Cologne 3.4 oz Men - Authentic, Brand New In Box",9.99,US,2.0,22.0,2024-05-20 13:20:54,"Lincoln Park, Michigan, United States",219.78,24.0
Estee Lauder,"Beyond Paradise by Estee Lauder for Men Cologne Spray EDT 0.5 oz , New",17.49,US,10.0,24.0,2024-02-28 07:27:01,"Keyport, New Jersey, United States",419.76,34.0
